关联目录菜品名称,餐次,单份克数,份量说明,做法标签,口味标签,状态,配餐用途,餐内角色,食材标签,分类依据
闽南蚵仔面线,午餐,350,一碗约350g,煮制,鲜香,待审核,整餐候选,混合主餐,麦及制品|虾蟹贝类,面线以小麦制成、配蚵仔（牡蛎）煮成汤面，作为整餐混合主餐。
七里河油香,午餐|晚餐,100,一个约100g，作为小吃,油炸,原味,待审核,组合组成项,主食,麦及制品,油香为麦面油炸而成的面制点心，作为搭配主食。
榆中煎饼,午餐|晚餐,200,一份约200g，作为早餐,煎制,咸鲜,待审核,组合组成项,主食,麦及制品,煎饼以小麦面糊煎制而成，作为早餐主食。
瓜州驼蹄冻,加餐,150,一份约150g，作为凉菜,其他,咸鲜,待审核,组合组成项,蛋白质菜,畜肉,驼蹄为骆驼畜肉蹄筋熬制冻品，作为蛋白质凉菜。
临洮炒搅团,午餐|晚餐,300,一份约300g,炒制,酸辣,待审核,组合组成项,主食,其他谷物,搅团以粗粮面糊搅制后炒制，作为粗粮主食。
甘南牦牛酸奶,加餐,200,一碗约200g，作为加餐/饮品,其他,原味,待审核,组合组成项,奶及替代品,奶及奶制品,牦牛酸奶为发酵奶制品，作为加餐饮品。
玉门油饼,午餐|晚餐,150,一个约150g，作为早餐,油炸,原味,待审核,组合组成项,主食,麦及制品,油饼为麦面油炸面制品，作为早餐主食。
陇西蒸面鱼,午餐|晚餐,300,一碗约300g,蒸制,咸鲜,待审核,整餐候选,主食,麦及制品,面鱼以小麦面制形似小鱼蒸制，一碗作为整餐主食。
白银洋芋搅团,午餐|晚餐,300,一份约300g,煮制,酸辣,待审核,组合组成项,主食,薯类,洋芋（土豆）捣制搅团，作为薯类主食。
武威蒸羊羔肉,晚餐,300,一份，可食部分约300g,蒸制,原味,待审核,组合组成项,蛋白质菜,畜肉,羊羔肉为蒸制畜肉菜肴，作为蛋白质主菜。
酒泉炒面,午餐,350,一份约350g,炒制,咸鲜,待审核,整餐候选,混合主餐,麦及制品,炒面以面条炒制而成，作为整餐混合主餐。
庆阳羊肉煎饺,午餐,250,一份约250g（10只）,煎制,咸鲜,待审核,整餐候选,混合主餐,麦及制品|畜肉,煎饺以麦皮包羊肉馅煎制，一份作为整餐。
平凉锅盔,午餐|晚餐,150,一个约150g，作为早餐主食,烤制,原味,待审核,组合组成项,主食,麦及制品,锅盔为麦面烤制的大饼，作为早餐主食。
张掖夹沙包,加餐,150,一份约150g，作为小吃,油炸,甜味,待审核,组合组成项,其他配菜,麦及制品,夹沙包为麦面油炸甜馅点心，作为小吃。
民勤羊肉串,加餐,150,一份约150g（5-6串）,烤制,孜然,待审核,组合组成项,蛋白质菜,畜肉,羊肉串为烤制畜肉烤串，作为蛋白质小吃。
天水凉皮,午餐|晚餐,250,一份约250g,凉拌,香辣,待审核,组合组成项,主食,麦及制品,凉皮为麦面蒸制冷面制品，作为主食小吃。
和政羊肉汤面,午餐,400,一碗约400g,煮制,鲜香,待审核,整餐候选,混合主餐,麦及制品|畜肉,羊肉汤面以面条配羊肉煮汤，一碗作为整餐混合主餐。
静宁油糕,午餐|晚餐,100,一个约100g，作为小吃,油炸,甜味,待审核,组合组成项,主食,麦及制品,油糕为麦面油炸甜糕，作为面制主食点心。
定西土豆粉,午餐|晚餐,350,一碗约350g,煮制,香辣,待审核,整餐候选,主食,薯类,土豆粉以土豆淀粉制成粉条，一碗作为整餐主食。
客家南瓜糕,午餐|晚餐,100,一份约100g，作为点心,蒸制,甜味,待审核,组合组成项,主食,米及制品|瓜茄类,南瓜糕以米浆配南瓜蒸制，作为米制点心。
客家芋头丸,午餐|晚餐,100,一份约100g，作为小吃,油炸,咸鲜,待审核,组合组成项,主食,根菜,芋头丸以芋头捣制油炸而成，作为薯芋类主食小吃。
酸菜猪肚汤,晚餐,300,一碗约300g（含汤）,炖煮,酸辣,待审核,组合组成项,汤羹,动物内脏|叶菜,猪肚配酸菜煮汤，作为汤羹，猪肚为动物内脏。
客家萝卜糕,午餐|晚餐,150,一份约150g，作为点心,煎制,咸鲜,待审核,组合组成项,主食,米及制品|根菜,萝卜糕以米浆配萝卜煎制，作为米制点心。
艾草粄,午餐|晚餐,100,一份约100g，作为点心,蒸制,甜味,待审核,组合组成项,主食,米及制品,艾草粄以米浆配艾草蒸制，作为米制点心。
客家酿腐皮卷,晚餐,200,一份约200g,蒸制,咸鲜,待审核,组合组成项,蛋白质菜,大豆及豆制品,腐皮卷以豆腐皮制成，作为豆制品蛋白质菜肴。
客家炒米粉,午餐,350,一份约350g,炒制,咸鲜,待审核,整餐候选,混合主餐,米及制品,炒米粉以米粉炒制而成，作为整餐混合主餐。
客家粄粽,午餐|晚餐,150,一个约150g，作为小吃,煮制,咸鲜,待审核,组合组成项,主食,米及制品,粄粽以糯米包裹煮制，作为米制主食小吃。
梅菜蒸肉饼,晚餐,250,一份约250g,蒸制,咸鲜,待审核,组合组成项,蛋白质菜,畜肉,蒸肉饼以猪肉为主料蒸制，作为蛋白质主菜。
客家盐焗鱼,晚餐,300,一份（整鱼），可食部分约300g,烤制,咸鲜,待审核,组合组成项,蛋白质菜,鱼类,盐焗鱼以整鱼烤制盐焗，作为鱼类蛋白质菜肴。
客家算盘子,午餐|晚餐,200,一份约200g，作为小吃,炒制,咸鲜,待审核,组合组成项,主食,根菜,算盘子以芋头配粉搓丸炒制，作为薯芋类主食小吃。
客家黄酒鸡,晚餐,300,一份，可食部分约300g,炖煮,咸鲜,待审核,组合组成项,蛋白质菜,禽肉,黄酒鸡以鸡肉炖煮而成，作为禽肉蛋白质菜肴。
客家河粉,午餐|晚餐,350,一碗约350g,煮制,咸鲜,待审核,整餐候选,主食,米及制品,河粉以米制粉条煮汤，一碗作为整餐主食。
客家小炒,晚餐,250,一份约250g,炒制,咸鲜,待审核,组合组成项,蛋白质菜,畜肉,客家小炒为猪肉煸炒菜肴，作为蛋白质主菜。
藏式麻花,午餐|晚餐,80,一份约80g，作为零食,油炸,甜味,待审核,组合组成项,主食,麦及制品,藏式麻花为麦面油炸拧制面制品，作为主食点心。
奶渣饼,加餐,100,一份约100g，作为小吃,煎制,原味,待审核,组合组成项,奶及替代品,奶及奶制品,奶渣饼以奶渣煎制而成，作为奶制品点心。
酥油拌面,午餐|晚餐,300,一碗约300g,煮制,原味,待审核,整餐候选,主食,麦及制品|奶及奶制品,拌面以面条配酥油拌制，一碗作为整餐主食。
藏式炖菜,晚餐,350,一份，可食部分约350g,炖煮,鲜香,待审核,组合组成项,蔬菜菜肴,畜肉|根菜,藏式炖菜为炖煮蔬菜杂烩，作为蔬菜配菜。
青稞粥,午餐|晚餐,300,一碗约300g，作为早餐,煮制,原味,待审核,整餐候选,主食,其他谷物,青稞粥以青稞熬煮成粥，一碗作为整餐主食。
藏式蘑菇汤,晚餐,300,一碗约300g（含汤）,煮制,鲜香,待审核,组合组成项,汤羹,菌菇,蘑菇汤以菌菇煮汤，作为汤羹。
风干牛肉,加餐,80,一份约80g，作为零食,其他,咸鲜,待审核,组合组成项,蛋白质菜,畜肉,风干牛肉为牛肉风干制成，作为蛋白质零食。
藏式土豆饼,午餐|晚餐,150,一份约150g，作为小吃,煎制,原味,待审核,组合组成项,主食,薯类,土豆饼以土豆捣泥煎制，作为薯类主食小吃。
藏式馒头,午餐|晚餐,150,一个约150g，作为早餐,蒸制,原味,待审核,组合组成项,主食,麦及制品,藏式馒头为麦面蒸制面食，作为主食。
炸奶渣,加餐,100,一份约100g，作为小吃,油炸,甜味,待审核,组合组成项,奶及替代品,奶及奶制品,炸奶渣以奶渣油炸制成，作为奶制品小吃。
藏式甜米饭,午餐|晚餐,200,一份约200g，作为甜点,蒸制,甜味,待审核,组合组成项,主食,米及制品,甜米饭以糯米蒸制甜点，作为米制主食点心。
藏式血肠,加餐,150,一份约150g，作为小吃,煮制,咸鲜,待审核,组合组成项,蛋白质菜,畜肉,血肠以畜血灌肠煮制，作为畜肉蛋白质小吃。
藏式酸奶,加餐,200,一碗约200g，作为加餐/饮品,其他,原味,待审核,组合组成项,奶及替代品,奶及奶制品,藏式酸奶为发酵奶制品，作为加餐饮品。
藏式肉饼,午餐,200,一个约200g,煎制,咸鲜,待审核,组合组成项,混合主餐,麦及制品|畜肉,肉饼以麦皮包肉馅煎制，作为面肉混合点心。
藏式炒面,午餐,300,一份约300g,炒制,咸鲜,待审核,整餐候选,混合主餐,麦及制品,炒面以面条炒制而成，作为整餐混合主餐。
牦牛肉面汤,午餐,400,一碗约400g,煮制,鲜香,待审核,整餐候选,混合主餐,麦及制品|畜肉,牦牛肉面汤以面条配牦牛肉煮汤，一碗作为整餐。
平南粉汤,午餐,350,一碗约350g,煮制,鲜香,待审核,整餐候选,汤羹,米及制品,粉汤以米制粉条煮汤，一碗作为整餐汤羹。
桂平甜糍粑,午餐|晚餐,150,一份约150g，作为甜点,煎制,甜味,待审核,组合组成项,主食,米及制品,甜糍粑以糯米捣制煎甜，作为米制主食甜点。
北海烤生蚝,加餐,200,一份约200g（4-6只）,烤制,蒜香,待审核,组合组成项,蛋白质菜,虾蟹贝类,烤生蚝以生蚝烤制，作为贝类蛋白质小吃。
壮族五色糯米饭,午餐|晚餐,300,一份约300g,蒸制,原味,待审核,整餐候选,主食,米及制品,五色糯米饭以糯米蒸制，一份作为整餐主食。
玉林腐乳煲,晚餐,300,一份约300g,炖煮,咸鲜,待审核,组合组成项,蛋白质菜,大豆及豆制品,腐乳煲以腐乳（豆制品）煲制，作为蛋白质菜肴。
贺州肠粉,午餐|晚餐,250,一份约250g，作为早餐,蒸制,咸鲜,待审核,组合组成项,主食,米及制品,肠粉以米浆蒸制成卷，作为早餐米制主食。
桂林油茶,早餐,250,一碗约250ml，作为早餐,冲泡,原味,待审核,组合组成项,饮品,植物替代饮品,桂林油茶为熬煮茶饮，作为早餐饮品。
百色酸汤鱼,晚餐,400,一份（整鱼），可食部分约400g,煮制,酸辣,待审核,组合组成项,蛋白质菜,鱼类,酸汤鱼以整鱼酸汤煮制，作为鱼类蛋白质主菜。
南宁炸酿豆腐,加餐,150,一份约150g，作为小吃,油炸,咸鲜,待审核,组合组成项,蛋白质菜,大豆及豆制品,酿豆腐以豆腐炸制酿馅，作为豆制品蛋白质小吃。
河池竹筒饭,午餐|晚餐,300,一份约300g,蒸制,原味,待审核,整餐候选,主食,米及制品,竹筒饭以糯米竹筒蒸制，一份作为整餐主食。
武鸣芋头扣肉,晚餐,250,一份约250g,蒸制,咸鲜,待审核,组合组成项,蛋白质菜,畜肉|根菜,扣肉以猪肉配芋头蒸制，作为蛋白质主菜。
螺蛳肉粽,加餐,200,一个约200g，作为小吃,煮制,咸鲜,待审核,组合组成项,混合主餐,米及制品|虾蟹贝类,螺蛳肉粽以糯米包螺蛳肉煮制，作为米贝混合小吃。
酿苦瓜,晚餐,250,一份约250g,蒸制,咸鲜,待审核,组合组成项,蔬菜菜肴,瓜茄类,酿苦瓜以苦瓜酿馅蒸制，作为瓜茄类蔬菜菜肴。
玫瑰花糕,午餐|晚餐,100,一份约100g，作为点心,蒸制,甜味,待审核,组合组成项,主食,麦及制品,玫瑰花糕以麦面配玫瑰蒸制，作为面制糕点。
过桥豆花,午餐,300,一碗约300g,煮制,香辣,待审核,组合组成项,蛋白质菜,大豆及豆制品,豆花以黄豆制成嫩豆花，作为豆制品蛋白质菜肴。
汽锅牛肉,晚餐,300,一份（汽锅），可食部分约300g,蒸制,鲜香,待审核,组合组成项,蛋白质菜,畜肉,汽锅牛肉以牛肉汽锅蒸制，作为畜肉蛋白质主菜。
凉拌米线,午餐|晚餐,300,一碗约300g,凉拌,酸辣,待审核,两者皆可,主食,米及制品,凉拌米线以米制米线凉拌，可作整餐或搭配。
火腿炒饵块,午餐,300,一份约300g,炒制,咸鲜,待审核,整餐候选,混合主餐,米及制品|畜肉,炒饵块以米制饵块配火腿炒制，作为整餐混合主餐。
油炸柿子饼,午餐|晚餐,100,一个约100g，作为小吃,油炸,甜味,待审核,组合组成项,主食,水果|麦及制品,柿子饼以柿子配麦面油炸，作为面制果味点心。
汉中面皮汤,午餐,350,一碗约350g,煮制,香辣,待审核,整餐候选,汤羹,麦及制品,面皮汤以麦面皮煮汤，一碗作为整餐汤羹。
秦腔蒸肉包,早餐,150,一个约150g，作为早餐,蒸制,咸鲜,待审核,组合组成项,混合主餐,麦及制品|畜肉,蒸肉包以麦皮包肉馅蒸制，作为面肉混合点心。
孜然羊肉夹馍,午餐,200,一个约200g,烤制,孜然,待审核,两者皆可,混合主餐,麦及制品|畜肉,夹馍以麦馍夹孜然羊肉，可作整餐或搭配。
岐山醋鱼,晚餐,300,一份（整鱼），可食部分约300g,炖煮,酸辣,待审核,组合组成项,蛋白质菜,鱼类,醋鱼以整鱼醋焖煮制，作为鱼类蛋白质主菜。
新疆炸南瓜饼,午餐|晚餐,100,一份约100g，作为小吃,油炸,甜味,待审核,组合组成项,主食,瓜茄类|麦及制品,南瓜饼以南瓜配麦面油炸，作为面制瓜味点心。
羊肺汤,晚餐,300,一碗约300g（含汤）,煮制,鲜香,待审核,组合组成项,汤羹,动物内脏,羊肺汤以羊肺（内脏）煮汤，作为汤羹。
酸奶米布丁,加餐,200,一份约200g，作为甜品,其他,甜味,待审核,组合组成项,奶及替代品,奶及奶制品|米及制品,米布丁以酸奶配米制甜品，作为奶制品点心。
羊肉馕炒,午餐,300,一份约300g,炒制,孜然,待审核,两者皆可,混合主餐,麦及制品|畜肉,馕炒以麦馕配羊肉炒制，可作整餐或搭配。
新疆抓饭汤,午餐,350,一碗约350g,煮制,孜然,待审核,整餐候选,混合主餐,米及制品|畜肉,抓饭汤以大米配羊肉煮制，一碗作为整餐混合主餐。
荷叶糯米饭,午餐|晚餐,300,一份约300g,蒸制,咸鲜,待审核,整餐候选,主食,米及制品,荷叶糯米饭以糯米荷叶蒸制，一份作为整餐主食。
蟹粉狮子头,晚餐,250,一个约250g,炖煮,鲜香,待审核,组合组成项,蛋白质菜,畜肉|虾蟹贝类,狮子头以猪肉配蟹粉炖煮，作为蛋白质主菜。
香菇烤麸,加餐,150,一份约150g，作为凉菜,其他,咸鲜,待审核,组合组成项,蔬菜菜肴,菌菇|大豆及豆制品,香菇烤麸以香菇配烤麸凉拌，作为素菜。
阳春面,午餐|晚餐,350,一碗约350g,煮制,咸鲜,待审核,整餐候选,主食,麦及制品,阳春面为清汤麦面，一碗作为整餐主食。
上海熏鸭,晚餐,250,一份，可食部分约250g,炖煮,五香,待审核,组合组成项,蛋白质菜,禽肉,熏鸭以鸭熏制炖煮，作为禽肉蛋白质菜肴。
北京地瓜球,加餐,100,一份约100g，作为小吃,油炸,甜味,待审核,组合组成项,其他配菜,薯类,地瓜球以红薯（地瓜）捣泥油炸，作为薯类小吃。
炸肝饼,加餐,100,一份约100g，作为小吃,油炸,咸鲜,待审核,组合组成项,蛋白质菜,动物内脏|麦及制品,炸肝饼以肝脏配面炸制，作为内脏蛋白质小吃。
豆酱面汤,午餐,350,一碗约350g,煮制,咸鲜,待审核,整餐候选,汤羹,麦及制品,豆酱面汤以麦面煮制豆酱汤面，一碗作为整餐汤羹。
炸酱包,午餐|晚餐,100,一个约100g，作为小吃,油炸,咸鲜,待审核,组合组成项,主食,麦及制品,炸酱包以麦面皮裹炸酱炸制，作为面制点心。
京酱肉丝,晚餐,250,一份，可食部分约250g,炒制,咸鲜,待审核,组合组成项,蛋白质菜,畜肉,京酱肉丝以猪肉丝酱炒，作为畜肉蛋白质主菜。
石台炒米粿,午餐|晚餐,150,一份约150g，作为小吃,炒制,咸鲜,待审核,组合组成项,主食,米及制品,炒米粿以米制粿条炒制，作为米制小吃。
淮南豆腐面,午餐|晚餐,350,一碗约350g,煮制,鲜香,待审核,整餐候选,主食,麦及制品|大豆及豆制品,豆腐面以面条配豆腐煮制，一碗作为整餐主食。
祁门蒸饺,午餐|晚餐,250,一份约250g（10只）,蒸制,咸鲜,待审核,整餐候选,主食,麦及制品,蒸饺以麦皮包馅蒸制，一份作为整餐主食。
徽州笋干烧肉,晚餐,300,一份，可食部分约300g,炖煮,咸鲜,待审核,组合组成项,蛋白质菜,畜肉|花茎类,烧肉以猪肉配笋干炖煮，作为蛋白质主菜。
无为熏鱼,加餐,150,一份约150g，作为凉菜,炖煮,五香,待审核,组合组成项,蛋白质菜,鱼类,熏鱼以鱼熏制，作为鱼类蛋白质凉菜。
山东葱油饼,午餐|晚餐,150,一份约150g，作为早餐,煎制,咸鲜,待审核,组合组成项,主食,麦及制品,葱油饼以麦面葱油煎制，作为早餐主食。
烟台花生酥,加餐,80,一份约80g，作为零食,油炸,甜味,待审核,组合组成项,坚果种子,坚果,花生酥以花生加糖制成，作为坚果零食。
青岛蛤蜊面,午餐,400,一碗约400g,煮制,鲜香,待审核,整餐候选,混合主餐,麦及制品|虾蟹贝类,蛤蜊面以面条配蛤蜊煮制，一碗作为整餐混合主餐。
山东烤鱿鱼串,加餐,150,一份约150g（4-5串）,烤制,孜然,待审核,组合组成项,蛋白质菜,虾蟹贝类,烤鱿鱼串以鱿鱼烤制，作为贝类蛋白质小吃。
鲁式扒鸡,晚餐,300,一份（半只），可食部分约300g,炖煮,五香,待审核,组合组成项,蛋白质菜,禽肉,扒鸡以鸡卤煮扒制，作为禽肉蛋白质菜肴。
扬州三套早,早餐,300,一份约300g，作为早餐,煮制,咸鲜,待审核,整餐候选,混合主餐,米及制品|大豆及豆制品|畜肉,菜名所指扬州早点组合不明确，留待人工确认。
苏州水晶虾仁,晚餐,250,一份，可食部分约250g,炒制,鲜香,待审核,组合组成项,蛋白质菜,虾蟹贝类,水晶虾仁以河虾清炒，作为虾类蛋白质菜肴。
鸭血卷粉,午餐,300,一碗约300g,煮制,鲜香,待审核,整餐候选,混合主餐,米及制品|动物内脏,鸭血卷粉以米制卷粉配鸭血煮制，一碗作为整餐。
无锡糖醋排骨,晚餐,250,一份，可食部分约250g,油炸,酸甜,待审核,组合组成项,蛋白质菜,畜肉,糖醋排骨以猪排糖醋炸制，作为畜肉蛋白质主菜。
扬州狮子头火锅,晚餐,400,一份火锅，食材约400g,煮制,鲜香,待审核,整餐候选,混合主餐,畜肉,狮子头火锅以猪肉丸火锅煮制，一份作为整餐。
马拉糕,午餐|晚餐,100,一份约100g，作为点心,蒸制,甜味,待审核,组合组成项,主食,麦及制品,马拉糕以麦面蒸制发糕，作为面制点心。
虾米韭黄肠粉,早餐,250,一份约250g，作为早餐,蒸制,鲜香,待审核,组合组成项,混合主餐,米及制品|虾蟹贝类,肠粉以米卷配虾米蒸制，作为米贝混合早点。
牛丸汤,午餐,350,一碗约350g（含汤）,煮制,鲜香,待审核,组合组成项,汤羹,畜肉,牛丸汤以牛肉丸煮汤，作为汤羹。
蒜蓉粉丝蒸扇贝,晚餐,200,一份约200g（6只）,蒸制,蒜香,待审核,组合组成项,蛋白质菜,虾蟹贝类,蒸扇贝以扇贝蒜蓉粉丝蒸制，作为贝类蛋白质菜肴。
蛇羹,晚餐,300,一碗约300g（含汤）,煮制,鲜香,待审核,组合组成项,汤羹,菌菇,蛇羹以蛇肉熬制羹汤，作为汤羹（食材类别暂留空）。
四川烤鱼,晚餐,500,一份（整鱼），可食部分约500g,烤制,麻辣,待审核,组合组成项,蛋白质菜,鱼类,烤鱼以整鱼烤制，作为鱼类蛋白质主菜。
担担饭,午餐|晚餐,350,一份约350g,凉拌,麻辣,待审核,整餐候选,主食,米及制品,担担饭以米饭配担担卤拌制，一份作为整餐主食。
四川糍粑,午餐|晚餐,150,一份约150g，作为甜点,煎制,甜味,待审核,组合组成项,主食,米及制品,四川糍粑以糯米捣制煎甜，作为米制主食甜点。
泡椒凤爪,加餐,200,一份约200g，作为小吃,凉拌,酸辣,待审核,组合组成项,蛋白质菜,禽肉,泡椒凤爪以鸡爪泡制，作为禽肉蛋白质小吃。
麻婆茄子,晚餐,300,一份约300g,煮制,麻辣,待审核,组合组成项,蔬菜菜肴,瓜茄类,麻婆茄子以茄子烧拌，作为瓜茄类蔬菜菜肴。
青椒炒肉丝,晚餐,250,一份约250g,炒制,咸鲜,待审核,组合组成项,蛋白质菜,畜肉|花茎类,青椒炒肉丝以猪肉丝与青椒为主料，属畜肉蛋白质菜。
蒜薹炒肉丝,晚餐,250,一份约250g,炒制,咸鲜,待审核,组合组成项,蛋白质菜,畜肉|花茎类,蒜薹炒肉丝以猪肉丝与蒜薹为主料，属畜肉蛋白质菜。
茭白炒肉丝,晚餐,250,一份约250g,炒制,咸鲜,待审核,组合组成项,蛋白质菜,畜肉|根菜,茭白炒肉丝以猪肉丝与茭白为主料，属畜肉蛋白质菜。
冬笋炒肉片,晚餐,250,一份约250g,炒制,咸鲜,待审核,组合组成项,蛋白质菜,畜肉|花茎类,冬笋炒肉片以猪肉片与冬笋为主料，属畜肉蛋白质菜。
芦笋炒牛柳,晚餐,250,一份约250g,炒制,咸鲜,待审核,组合组成项,蛋白质菜,畜肉|花茎类,芦笋炒牛柳以牛肉与芦笋为主料，属畜肉蛋白质菜。
西芹炒牛肉,晚餐,250,一份约250g,炒制,咸鲜,待审核,组合组成项,蛋白质菜,畜肉|花茎类,西芹炒牛肉以牛肉与西芹为主料，属畜肉蛋白质菜。
芦笋炒鸡肉,晚餐,200,一份约200g,炒制,咸鲜,待审核,组合组成项,蛋白质菜,禽肉|花茎类,芦笋炒鸡肉以鸡胸肉与芦笋为主料，属禽肉蛋白质菜。
西兰花炒虾仁,晚餐,200,一份约200g,炒制,咸鲜,待审核,组合组成项,蛋白质菜,虾蟹贝类|花茎类,西兰花炒虾仁以虾仁与西兰花为主料，属虾蟹贝蛋白质菜。
荷兰豆炒腊肉,晚餐,200,一份约200g,炒制,咸鲜,待审核,组合组成项,蛋白质菜,畜肉|花茎类,荷兰豆炒腊肉以腊肉与荷兰豆为主料，属畜肉蛋白质菜。
蒜苗炒腊肉,晚餐,200,一份约200g,炒制,咸鲜,待审核,组合组成项,蛋白质菜,畜肉|花茎类,蒜苗炒腊肉以腊肉与蒜苗为主料，属畜肉蛋白质菜。
青椒炒腊肠,晚餐,200,一份约200g,炒制,咸鲜,待审核,组合组成项,蛋白质菜,畜肉|瓜茄类,青椒炒腊肠以腊肠与青椒为主料，属畜肉蛋白质菜。
腊味炒芥兰,晚餐,250,一份约250g,炒制,咸鲜,待审核,组合组成项,蛋白质菜,畜肉|叶菜,腊味炒芥兰以腊味与芥兰为主料，属畜肉蛋白质菜。
粉蒸排骨,晚餐,250,一份约250g,蒸制,咸鲜,待审核,组合组成项,蛋白质菜,畜肉|米及制品,粉蒸排骨以猪排骨裹米粉蒸制，属畜肉蛋白质菜。
清蒸排骨,晚餐,300,一份约300g,蒸制,咸鲜,待审核,组合组成项,蛋白质菜,畜肉,清蒸排骨以猪排骨为主料，属畜肉蛋白质菜。
花生炖猪蹄,晚餐,300,一份约300g,炖煮,咸鲜,待审核,组合组成项,蛋白质菜,畜肉|坚果,花生炖猪蹄以猪蹄与花生为主料，属畜肉蛋白质菜。
红烧猪蹄,晚餐,300,一份约300g,炖煮,咸鲜,待审核,组合组成项,蛋白质菜,畜肉,红烧猪蹄以猪蹄为主料，属畜肉蛋白质菜。
红烧狮子头,晚餐,250,一份约250g,炖煮,咸鲜,待审核,组合组成项,蛋白质菜,畜肉,红烧狮子头以猪肉丸为主料，属畜肉蛋白质菜。
清蒸狮子头,晚餐,250,一份约250g,蒸制,咸鲜,待审核,组合组成项,蛋白质菜,畜肉,清蒸狮子头以猪肉丸为主料，属畜肉蛋白质菜。
糖醋排骨,晚餐,250,一份约250g,油炸,酸甜,待审核,组合组成项,蛋白质菜,畜肉,糖醋排骨以猪排骨为主料，属畜肉蛋白质菜。
椒盐排骨,晚餐,250,一份约250g,油炸,咸鲜,待审核,组合组成项,蛋白质菜,畜肉,椒盐排骨以猪排骨为主料，属畜肉蛋白质菜。
清蒸鲳鱼,晚餐,300,一份约300g整鱼,蒸制,鲜香,待审核,组合组成项,蛋白质菜,鱼类,清蒸鲳鱼以鲳鱼为主料，属鱼类蛋白质菜。
清蒸鲫鱼,晚餐,300,一份约300g整鱼,蒸制,鲜香,待审核,组合组成项,蛋白质菜,鱼类,清蒸鲫鱼以鲫鱼为主料，属鱼类蛋白质菜。
红烧鲫鱼,晚餐,300,一份约300g整鱼,炖煮,咸鲜,待审核,组合组成项,蛋白质菜,鱼类,红烧鲫鱼以鲫鱼为主料，属鱼类蛋白质菜。
红烧带鱼,晚餐,250,一份约250g,油炸,咸鲜,待审核,组合组成项,蛋白质菜,鱼类,红烧带鱼以带鱼为主料，属鱼类蛋白质菜。
干炸带鱼,晚餐,250,一份约250g,油炸,咸鲜,待审核,组合组成项,蛋白质菜,鱼类,干炸带鱼以带鱼为主料，属鱼类蛋白质菜。
糖醋带鱼,晚餐,250,一份约250g,油炸,酸甜,待审核,组合组成项,蛋白质菜,鱼类,糖醋带鱼以带鱼为主料，属鱼类蛋白质菜。
番茄炖鱼,晚餐,350,一份约350g,炖煮,酸甜,待审核,组合组成项,蛋白质菜,鱼类|瓜茄类,番茄炖鱼以鱼与番茄为主料，属鱼类蛋白质菜。
青椒炒猪肝,晚餐,200,一份约200g,炒制,咸鲜,待审核,组合组成项,蛋白质菜,动物内脏|瓜茄类,青椒炒猪肝以猪肝与青椒为主料，属动物内脏蛋白质菜。
溜肝尖,晚餐,200,一份约200g,炒制,咸鲜,待审核,组合组成项,蛋白质菜,动物内脏|花茎类,溜肝尖以猪肝与配菜为主料，属动物内脏蛋白质菜。
卤猪肝,加餐,100,一份约100g,炖煮,五香,待审核,组合组成项,蛋白质菜,动物内脏,卤猪肝以猪肝为主料，属动物内脏蛋白质菜。
白切羊肉,晚餐,250,一份约250g,煮制,原味,待审核,组合组成项,蛋白质菜,畜肉,白切羊肉以羊肉为主料，属畜肉蛋白质菜。
葱爆羊肉片,晚餐,250,一份约250g,炒制,咸鲜,待审核,组合组成项,蛋白质菜,畜肉|花茎类,葱爆羊肉片以羊肉与大葱为主料，属畜肉蛋白质菜。
孜然羊肉片,晚餐,250,一份约250g,炒制,孜然,待审核,组合组成项,蛋白质菜,畜肉,孜然羊肉片以羊肉为主料，属畜肉蛋白质菜。
红烧羊肉,晚餐,300,一份约300g,炖煮,咸鲜,待审核,组合组成项,蛋白质菜,畜肉,红烧羊肉以羊肉为主料，属畜肉蛋白质菜。
羊肉萝卜煲,晚餐,350,一份约350g,炖煮,鲜香,待审核,组合组成项,蛋白质菜,畜肉|根菜,羊肉萝卜煲以羊肉与萝卜为主料，属畜肉蛋白质菜。
清炖羊肉,晚餐,350,一份约350g,炖煮,原味,待审核,组合组成项,汤羹,畜肉|根菜,清炖羊肉以羊肉与萝卜炖汤，属畜肉汤羹。
煎牛排,晚餐,200,一份约200g,煎制,咸鲜,待审核,组合组成项,蛋白质菜,畜肉,煎牛排以牛肉为主料，属畜肉蛋白质菜。
黑椒牛柳,晚餐,250,一份约250g,炒制,咸鲜,待审核,组合组成项,蛋白质菜,畜肉,黑椒牛柳以牛肉为主料，属畜肉蛋白质菜。
青椒牛肉丝,晚餐,250,一份约250g,炒制,咸鲜,待审核,组合组成项,蛋白质菜,畜肉|瓜茄类,青椒牛肉丝以牛肉与青椒为主料，属畜肉蛋白质菜。
芹菜牛肉丝,晚餐,250,一份约250g,炒制,咸鲜,待审核,组合组成项,蛋白质菜,畜肉|花茎类,芹菜牛肉丝以牛肉与芹菜为主料，属畜肉蛋白质菜。
番茄炖牛腩,晚餐,350,一份约350g,炖煮,酸甜,待审核,组合组成项,蛋白质菜,畜肉|瓜茄类,番茄炖牛腩以牛腩与番茄为主料，属畜肉蛋白质菜。
萝卜炖牛腩,晚餐,350,一份约350g,炖煮,咸鲜,待审核,组合组成项,蛋白质菜,畜肉|根菜,萝卜炖牛腩以牛腩与萝卜为主料，属畜肉蛋白质菜。
红烧牛肉,晚餐,250,一份约250g,炖煮,咸鲜,待审核,组合组成项,蛋白质菜,畜肉,红烧牛肉以牛肉为主料，属畜肉蛋白质菜。
酱牛肉,加餐,100,一份约100g,炖煮,五香,待审核,组合组成项,蛋白质菜,畜肉,酱牛肉以牛肉为主料，属畜肉蛋白质菜。
卤牛肉,加餐,100,一份约100g,炖煮,五香,待审核,组合组成项,蛋白质菜,畜肉,卤牛肉以牛肉为主料，属畜肉蛋白质菜。
牛肉汤,午餐,350,一碗约350g,煮制,鲜香,待审核,组合组成项,汤羹,畜肉,牛肉汤以牛肉煮汤，属畜肉汤羹。
牛肉炒芹菜,晚餐,250,一份约250g,炒制,咸鲜,待审核,组合组成项,蛋白质菜,畜肉|花茎类,牛肉炒芹菜以牛肉与芹菜为主料，属畜肉蛋白质菜。
香菇滑鸡,晚餐,250,一份约250g,蒸制,咸鲜,待审核,组合组成项,蛋白质菜,禽肉|菌菇,香菇滑鸡以鸡肉与香菇为主料，属禽肉蛋白质菜。
香菇蒸鸡,晚餐,250,一份约250g,蒸制,咸鲜,待审核,组合组成项,蛋白质菜,禽肉|菌菇,香菇蒸鸡以鸡肉与香菇为主料，属禽肉蛋白质菜。
清蒸鸡,晚餐,300,一份约300g,蒸制,咸鲜,待审核,组合组成项,蛋白质菜,禽肉,清蒸鸡以整鸡为主料，属禽肉蛋白质菜。
辣子鸡丁,晚餐,250,一份约250g,炒制,香辣,待审核,组合组成项,蛋白质菜,禽肉|瓜茄类,辣子鸡丁以鸡肉丁与辣椒为主料，属禽肉蛋白质菜。
鸡丁炒青椒,晚餐,250,一份约250g,炒制,咸鲜,待审核,组合组成项,蛋白质菜,禽肉|瓜茄类,鸡丁炒青椒以鸡丁与青椒为主料，属禽肉蛋白质菜。
洋葱炒鸡丁,晚餐,250,一份约250g,炒制,咸鲜,待审核,组合组成项,蛋白质菜,禽肉|根菜,洋葱炒鸡丁以鸡丁与洋葱为主料，属禽肉蛋白质菜。
土豆焖鸡,晚餐,350,一份约350g,焖制,咸鲜,待审核,组合组成项,蛋白质菜,禽肉|薯类,土豆焖鸡以鸡肉与土豆为主料，属禽肉蛋白质菜。
板栗焖鸡,晚餐,300,一份约300g,焖制,咸鲜,待审核,组合组成项,蛋白质菜,禽肉,板栗焖鸡以鸡肉与板栗为主料，属禽肉蛋白质菜。
香菇炖鸡,晚餐,350,一份约350g,炖煮,鲜香,待审核,组合组成项,汤羹,禽肉|菌菇,香菇炖鸡以鸡肉与香菇炖汤，属禽肉汤羹。
乌鸡炖汤,晚餐,300,一碗约300g,炖煮,鲜香,待审核,组合组成项,汤羹,禽肉,乌鸡炖汤以乌鸡炖汤，属禽肉汤羹。
菠萝炒鸡,晚餐,250,一份约250g,炒制,酸甜,待审核,组合组成项,蛋白质菜,禽肉|水果,菠萝炒鸡以鸡肉与菠萝为主料，属禽肉蛋白质菜。
柠檬鸡,晚餐,250,一份约250g,炒制,酸甜,待审核,组合组成项,蛋白质菜,禽肉,柠檬鸡以鸡肉为主料，属禽肉蛋白质菜。
炸鸡块,晚餐,200,一份约200g,油炸,咸鲜,待审核,组合组成项,蛋白质菜,禽肉,炸鸡块以鸡肉为主料，属禽肉蛋白质菜。
鸡排,晚餐,200,一份约200g,油炸,咸鲜,待审核,组合组成项,蛋白质菜,禽肉,鸡排以鸡肉为主料，属禽肉蛋白质菜。
盐焗鸡胸肉,晚餐,150,一份约150g,烤制,咸鲜,待审核,组合组成项,蛋白质菜,禽肉,盐焗鸡胸肉以鸡胸肉为主料，属禽肉蛋白质菜。
煎鸡胸肉,晚餐,150,一份约150g,煎制,咸鲜,待审核,组合组成项,蛋白质菜,禽肉,煎鸡胸肉以鸡胸肉为主料，属禽肉蛋白质菜。
水煮鸡胸肉,晚餐,150,一份约150g,煮制,原味,待审核,组合组成项,蛋白质菜,禽肉,水煮鸡胸肉以鸡胸肉为主料，属禽肉蛋白质菜。
照烧鸡腿,晚餐,250,一份约250g,烤制,咸鲜,待审核,组合组成项,蛋白质菜,禽肉,照烧鸡腿以鸡腿为主料，属禽肉蛋白质菜。
奥尔良烤翅,加餐,150,一份约150g,烤制,咸鲜,待审核,组合组成项,蛋白质菜,禽肉,奥尔良烤翅以鸡翅为主料，属禽肉蛋白质菜。
红烧鸡翅,晚餐,250,一份约250g,炖煮,咸鲜,待审核,组合组成项,蛋白质菜,禽肉,红烧鸡翅以鸡翅为主料，属禽肉蛋白质菜。
卤鸡翅,加餐,200,一份约200g,炖煮,五香,待审核,组合组成项,蛋白质菜,禽肉,卤鸡翅以鸡翅为主料，属禽肉蛋白质菜。
蒜蓉蒸虾,晚餐,250,一份约250g,蒸制,蒜香,待审核,组合组成项,蛋白质菜,虾蟹贝类,蒜蓉蒸虾以虾为主料，属虾蟹贝蛋白质菜。
茄汁虾,晚餐,250,一份约250g,炒制,酸甜,待审核,组合组成项,蛋白质菜,虾蟹贝类|瓜茄类,茄汁虾以虾与番茄汁为主料，属虾蟹贝蛋白质菜。
炒虾仁,晚餐,200,一份约200g,炒制,咸鲜,待审核,组合组成项,蛋白质菜,虾蟹贝类,炒虾仁以虾仁为主料，属虾蟹贝蛋白质菜。
西芹炒虾仁,晚餐,200,一份约200g,炒制,咸鲜,待审核,组合组成项,蛋白质菜,虾蟹贝类|花茎类,西芹炒虾仁以虾仁与西芹为主料，属虾蟹贝蛋白质菜。
黄瓜炒虾仁,晚餐,200,一份约200g,炒制,咸鲜,待审核,组合组成项,蛋白质菜,虾蟹贝类|瓜茄类,黄瓜炒虾仁以虾仁与黄瓜为主料，属虾蟹贝蛋白质菜。
虾仁豆腐,晚餐,250,一份约250g,煮制,咸鲜,待审核,组合组成项,蛋白质菜,虾蟹贝类|大豆及豆制品,虾仁豆腐以虾仁与豆腐为主料，属蛋白质菜。
红烧豆腐,晚餐,250,一份约250g,焖制,咸鲜,待审核,组合组成项,蛋白质菜,大豆及豆制品,红烧豆腐以豆腐为主料，属植物蛋白蛋白质菜。
红烧冻豆腐,晚餐,250,一份约250g,炖煮,咸鲜,待审核,组合组成项,蛋白质菜,大豆及豆制品,红烧冻豆腐以冻豆腐为主料，属植物蛋白蛋白质菜。
砂锅豆腐,晚餐,300,一份约300g,炖煮,鲜香,待审核,组合组成项,汤羹,大豆及豆制品,砂锅豆腐以豆腐炖汤，属豆制品汤羹。
小葱拌豆腐,加餐,150,一份约150g,凉拌,咸鲜,待审核,组合组成项,蔬菜菜肴,大豆及豆制品|叶菜,小葱拌豆腐以豆腐与小葱为主料，属豆制品配菜。
皮蛋豆腐,加餐,150,一份约150g,凉拌,咸鲜,待审核,组合组成项,蛋白质菜,大豆及豆制品|蛋类,皮蛋豆腐以豆腐与皮蛋为主料，属蛋白质菜。
香椿拌豆腐,加餐,150,一份约150g,凉拌,咸鲜,待审核,组合组成项,蔬菜菜肴,大豆及豆制品|叶菜,香椿拌豆腐以豆腐与香椿为主料，属豆制品配菜。
香干炒芹菜,晚餐,200,一份约200g,炒制,咸鲜,待审核,组合组成项,蔬菜菜肴,大豆及豆制品|花茎类,香干炒芹菜以香干与芹菜为主料，属豆制品蔬菜配菜。
香干炒韭菜,晚餐,200,一份约200g,炒制,咸鲜,待审核,组合组成项,蔬菜菜肴,大豆及豆制品|花茎类,香干炒韭菜以香干与韭菜为主料，属豆制品蔬菜配菜。
青椒炒豆干,晚餐,200,一份约200g,炒制,咸鲜,待审核,组合组成项,蔬菜菜肴,大豆及豆制品|瓜茄类,青椒炒豆干以豆干与青椒为主料，属豆制品蔬菜配菜。
豆芽炒韭菜,晚餐,200,一份约200g,炒制,咸鲜,待审核,组合组成项,蔬菜菜肴,其他谷物|花茎类,豆芽炒韭菜以豆芽与韭菜为主料，属蔬菜配菜。
韭菜炒鸡蛋,晚餐,200,一份约200g,炒制,咸鲜,待审核,组合组成项,蛋白质菜,花茎类|蛋类,韭菜炒鸡蛋以韭菜与鸡蛋为主料，属蛋菜蛋白质菜。
葱花炒蛋,晚餐,200,一份约200g,炒制,咸鲜,待审核,组合组成项,蛋白质菜,蛋类,葱花炒蛋以鸡蛋与葱为主料，属蛋类蛋白质菜。
菠菜炒鸡蛋,晚餐,200,一份约200g,炒制,咸鲜,待审核,组合组成项,蛋白质菜,叶菜|蛋类,菠菜炒鸡蛋以菠菜与鸡蛋为主料，属蛋菜蛋白质菜。
银鱼炒鸡蛋,晚餐,200,一份约200g,炒制,鲜香,待审核,组合组成项,蛋白质菜,鱼类|蛋类,银鱼炒鸡蛋以银鱼与鸡蛋为主料，属鱼蛋蛋白质菜。
蛤蜊蒸蛋,晚餐,200,一份约200g,蒸制,鲜香,待审核,组合组成项,蛋白质菜,虾蟹贝类|蛋类,蛤蜊蒸蛋以蛤蜊与鸡蛋为主料，属贝蛋蛋白质菜。
生蚝煎蛋,晚餐,200,一份约200g,煎制,鲜香,待审核,组合组成项,蛋白质菜,虾蟹贝类|蛋类,生蚝煎蛋以生蚝与鸡蛋为主料，属贝蛋蛋白质菜。
白灼花螺,加餐,200,一份约200g,煮制,咸鲜,待审核,组合组成项,蛋白质菜,虾蟹贝类,白灼花螺以花螺为主料，属虾蟹贝蛋白质菜。
爆炒花蛤,晚餐,250,一份约250g,炒制,咸鲜,待审核,组合组成项,蛋白质菜,虾蟹贝类,爆炒花蛤以花蛤为主料，属虾蟹贝蛋白质菜。
辣炒花蛤,晚餐,250,一份约250g,炒制,香辣,待审核,组合组成项,蛋白质菜,虾蟹贝类,辣炒花蛤以花蛤为主料，属虾蟹贝蛋白质菜。
蒜蓉蒸生蚝,晚餐,200,一份约200g,蒸制,蒜香,待审核,组合组成项,蛋白质菜,虾蟹贝类,蒜蓉蒸生蚝以生蚝为主料，属虾蟹贝蛋白质菜。
清蒸扇贝,晚餐,200,一份约200g,蒸制,鲜香,待审核,组合组成项,蛋白质菜,虾蟹贝类,清蒸扇贝以扇贝为主料，属虾蟹贝蛋白质菜。
椒盐皮皮虾,晚餐,250,一份约250g,油炸,咸鲜,待审核,组合组成项,蛋白质菜,虾蟹贝类,椒盐皮皮虾以皮皮虾为主料，属虾蟹贝蛋白质菜。
清蒸梭子蟹,晚餐,250,一只约250g,蒸制,鲜香,待审核,组合组成项,蛋白质菜,虾蟹贝类,清蒸梭子蟹以蟹为主料，属虾蟹贝蛋白质菜。
香辣蟹,晚餐,300,一份约300g,炒制,香辣,待审核,组合组成项,蛋白质菜,虾蟹贝类,香辣蟹以蟹为主料，属虾蟹贝蛋白质菜。
清蒸石斑,晚餐,300,一份约300g,蒸制,鲜香,待审核,组合组成项,蛋白质菜,鱼类,清蒸石斑以石斑鱼为主料，属鱼类蛋白质菜。
清蒸多宝鱼,晚餐,300,一份约300g,蒸制,鲜香,待审核,组合组成项,蛋白质菜,鱼类,清蒸多宝鱼以多宝鱼为主料，属鱼类蛋白质菜。
香煎三文鱼,晚餐,200,一份约200g,煎制,咸鲜,待审核,组合组成项,蛋白质菜,鱼类,香煎三文鱼以三文鱼为主料，属鱼类蛋白质菜。
三文鱼刺身,加餐,100,一份约100g,生食,原味,待审核,组合组成项,蛋白质菜,鱼类,三文鱼刺身以三文鱼为主料，属鱼类蛋白质菜。
爆炒鱿鱼须,晚餐,200,一份约200g,炒制,香辣,待审核,组合组成项,蛋白质菜,虾蟹贝类,爆炒鱿鱼须以鱿鱼须为主料，属虾蟹贝蛋白质菜。
铁板鱿鱼,加餐,200,一份约200g,烤制,咸鲜,待审核,组合组成项,蛋白质菜,虾蟹贝类,铁板鱿鱼以鱿鱼为主料，属虾蟹贝蛋白质菜。
蒸水蛋,晚餐,150,一份约150g,蒸制,咸鲜,待审核,组合组成项,蛋白质菜,蛋类,蒸水蛋以鸡蛋为主料，属蛋类蛋白质菜。
煎蛋,早餐,100,两个约100g,煎制,原味,待审核,组合组成项,蛋白质菜,蛋类,煎蛋以鸡蛋为主料，属蛋类蛋白质菜。
蒸蛋羹,早餐,150,一份约150g,蒸制,咸鲜,待审核,组合组成项,蛋白质菜,蛋类,蒸蛋羹以鸡蛋为主料，属蛋类蛋白质菜。
茶叶鹌鹑蛋,加餐,100,一份约100g,煮制,五香,待审核,组合组成项,蛋白质菜,蛋类,茶叶鹌鹑蛋以鹌鹑蛋为主料，属蛋类蛋白质菜。
卤鹌鹑蛋,加餐,100,一份约100g,煮制,五香,待审核,组合组成项,蛋白质菜,蛋类,卤鹌鹑蛋以鹌鹑蛋为主料，属蛋类蛋白质菜。
清炒上海青,晚餐,200,一份约200g,炒制,清淡,待审核,组合组成项,蔬菜菜肴,叶菜,清炒上海青以上海青为主料，属叶菜蔬菜菜肴。
清炒小白菜,晚餐,200,一份约200g,炒制,清淡,待审核,组合组成项,蔬菜菜肴,叶菜,清炒小白菜以小白菜为主料，属叶菜蔬菜菜肴。
清炒油菜,晚餐,200,一份约200g,炒制,清淡,待审核,组合组成项,蔬菜菜肴,叶菜,清炒油菜以油菜为主料，属叶菜蔬菜菜肴。
清炒菠菜,晚餐,200,一份约200g,炒制,清淡,待审核,组合组成项,蔬菜菜肴,叶菜,清炒菠菜以菠菜为主料，属叶菜蔬菜菜肴。
清炒茼蒿,晚餐,200,一份约200g,炒制,清淡,待审核,组合组成项,蔬菜菜肴,叶菜,清炒茼蒿以茼蒿为主料，属叶菜蔬菜菜肴。
清炒空心菜,晚餐,200,一份约200g,炒制,清淡,待审核,组合组成项,蔬菜菜肴,叶菜,清炒空心菜以空心菜为主料，属叶菜蔬菜菜肴。
清炒油麦菜,晚餐,200,一份约200g,炒制,清淡,待审核,组合组成项,蔬菜菜肴,叶菜,清炒油麦菜以油麦菜为主料，属叶菜蔬菜菜肴。
清炒生菜,晚餐,200,一份约200g,炒制,清淡,待审核,组合组成项,蔬菜菜肴,叶菜,清炒生菜以生菜为主料，属叶菜蔬菜菜肴。
清炒芥兰,晚餐,200,一份约200g,炒制,咸鲜,待审核,组合组成项,蔬菜菜肴,叶菜,清炒芥兰以芥兰为主料，属叶菜蔬菜菜肴。
清炒菜心,晚餐,200,一份约200g,炒制,清淡,待审核,组合组成项,蔬菜菜肴,叶菜,清炒菜心以菜心为主料，属叶菜蔬菜菜肴。
蒜蓉炒菠菜,晚餐,200,一份约200g,炒制,蒜香,待审核,组合组成项,蔬菜菜肴,叶菜,蒜蓉炒菠菜以菠菜为主料，属叶菜蔬菜菜肴。
蒜蓉炒生菜,晚餐,200,一份约200g,炒制,蒜香,待审核,组合组成项,蔬菜菜肴,叶菜,蒜蓉炒生菜以生菜为主料，属叶菜蔬菜菜肴。
蒜蓉炒油麦菜,晚餐,200,一份约200g,炒制,蒜香,待审核,组合组成项,蔬菜菜肴,叶菜,蒜蓉炒油麦菜以油麦菜为主料，属叶菜蔬菜菜肴。
蒜蓉炒菜心,晚餐,200,一份约200g,炒制,蒜香,待审核,组合组成项,蔬菜菜肴,叶菜,蒜蓉炒菜心以菜心为主料，属叶菜蔬菜菜肴。
蒜蓉炒芥兰,晚餐,200,一份约200g,炒制,蒜香,待审核,组合组成项,蔬菜菜肴,叶菜,蒜蓉炒芥兰以芥兰为主料，属叶菜蔬菜菜肴。
白灼芥兰,晚餐,200,一份约200g,煮制,清淡,待审核,组合组成项,蔬菜菜肴,叶菜,白灼芥兰以芥兰为主料，属叶菜蔬菜菜肴。
白灼生菜,晚餐,200,一份约200g,煮制,清淡,待审核,组合组成项,蔬菜菜肴,叶菜,白灼生菜以生菜为主料，属叶菜蔬菜菜肴。
上汤菠菜,晚餐,250,一份约250g,煮制,咸鲜,待审核,组合组成项,蔬菜菜肴,叶菜,上汤菠菜以菠菜为主料，属叶菜蔬菜菜肴。
上汤苋菜,晚餐,250,一份约250g,煮制,咸鲜,待审核,组合组成项,蔬菜菜肴,叶菜,上汤苋菜以苋菜为主料，属叶菜蔬菜菜肴。
清炒豆苗,晚餐,200,一份约200g,炒制,清淡,待审核,组合组成项,蔬菜菜肴,叶菜,清炒豆苗以豆苗为主料，属叶菜蔬菜菜肴。
清炒韭菜,晚餐,200,一份约200g,炒制,咸鲜,待审核,组合组成项,蔬菜菜肴,花茎类,清炒韭菜以韭菜为主料，属花茎类蔬菜菜肴。
清炒芹菜,晚餐,200,一份约200g,炒制,清淡,待审核,组合组成项,蔬菜菜肴,花茎类,清炒芹菜以芹菜为主料，属花茎类蔬菜菜肴。
芹菜炒豆芽,晚餐,200,一份约200g,炒制,清淡,待审核,组合组成项,蔬菜菜肴,花茎类|其他谷物,芹菜炒豆芽以芹菜与豆芽为主料，属蔬菜菜肴。
芹菜炒土豆丝,晚餐,250,一份约250g,炒制,咸鲜,待审核,组合组成项,蔬菜菜肴,花茎类|薯类,芹菜炒土豆丝以芹菜与土豆为主料，属蔬菜菜肴。
炒三丝,晚餐,200,一份约200g,炒制,咸鲜,待审核,组合组成项,蔬菜菜肴,花茎类|薯类,炒三丝以多种蔬菜丝为主料，属蔬菜菜肴。
清炒茭白,晚餐,200,一份约200g,炒制,清淡,待审核,组合组成项,蔬菜菜肴,根菜,清炒茭白以茭白为主料，属根茎类蔬菜菜肴。
茭白丝炒青椒,晚餐,200,一份约200g,炒制,咸鲜,待审核,组合组成项,蔬菜菜肴,根菜|瓜茄类,茭白丝炒青椒以茭白与青椒为主料，属蔬菜菜肴。
红烧茭白,晚餐,200,一份约200g,焖制,咸鲜,待审核,组合组成项,蔬菜菜肴,根菜,红烧茭白以茭白为主料，属根茎类蔬菜菜肴。
炒藕片,晚餐,200,一份约200g,炒制,清淡,待审核,组合组成项,蔬菜菜肴,根菜,炒藕片以莲藕为主料，属根茎类蔬菜菜肴。
糖醋藕片,晚餐,200,一份约200g,炒制,酸甜,待审核,组合组成项,蔬菜菜肴,根菜,糖醋藕片以莲藕为主料，属根茎类蔬菜菜肴。
凉拌藕片,加餐,150,一份约150g,凉拌,酸辣,待审核,组合组成项,蔬菜菜肴,根菜,凉拌藕片以莲藕为主料，属根茎类蔬菜。
干锅包菜,晚餐,250,一份约250g,炒制,香辣,待审核,组合组成项,蔬菜菜肴,叶菜,干锅包菜以包菜为主料，属叶菜蔬菜菜肴。
干锅土豆片,晚餐,250,一份约250g,烤制,香辣,待审核,组合组成项,蔬菜菜肴,薯类,干锅土豆片以土豆为主料，属薯类蔬菜菜肴。
干锅茶树菇,晚餐,250,一份约250g,炒制,咸鲜,待审核,组合组成项,蔬菜菜肴,菌菇,干锅茶树菇以茶树菇为主料，属菌菇蔬菜菜肴。
醋溜包菜,晚餐,200,一份约200g,炒制,酸甜,待审核,组合组成项,蔬菜菜肴,叶菜,醋溜包菜以包菜为主料，属叶菜蔬菜菜肴。
包菜粉丝,晚餐,250,一份约250g,炒制,咸鲜,待审核,组合组成项,蔬菜菜肴,叶菜|杂豆,包菜粉丝以包菜与粉丝为主料，属蔬菜菜肴。
清炒包菜,晚餐,200,一份约200g,炒制,清淡,待审核,组合组成项,蔬菜菜肴,叶菜,清炒包菜以包菜为主料，属叶菜蔬菜菜肴。
酸辣白菜,晚餐,250,一份约250g,炒制,酸辣,待审核,组合组成项,蔬菜菜肴,叶菜,酸辣白菜以白菜为主料，属叶菜蔬菜菜肴。
白菜粉丝汤,晚餐,250,一碗约250g,煮制,清淡,待审核,组合组成项,汤羹,叶菜|杂豆,白菜粉丝汤以白菜与粉丝煮汤，属蔬菜汤羹。
上汤白菜,晚餐,250,一份约250g,煮制,咸鲜,待审核,组合组成项,蔬菜菜肴,叶菜,上汤白菜以白菜为主料，属叶菜蔬菜菜肴。
凉拌白菜心,加餐,150,一份约150g,凉拌,酸辣,待审核,组合组成项,蔬菜菜肴,叶菜,凉拌白菜心以白菜心为主料，属叶菜蔬菜。
清炒丝瓜,晚餐,200,一份约200g,炒制,清淡,待审核,组合组成项,蔬菜菜肴,瓜茄类,清炒丝瓜以丝瓜为主料，属瓜茄类蔬菜菜肴。
丝瓜炒毛豆,晚餐,200,一份约200g,炒制,咸鲜,待审核,组合组成项,蔬菜菜肴,瓜茄类|杂豆,丝瓜炒毛豆以丝瓜与毛豆为主料，属蔬菜菜肴。
丝瓜豆腐汤,晚餐,250,一碗约250g,煮制,清淡,待审核,组合组成项,汤羹,瓜茄类|大豆及豆制品,丝瓜豆腐汤以丝瓜与豆腐煮汤，属蔬菜汤羹。
拍黄瓜,加餐,150,一份约150g,凉拌,蒜香,待审核,组合组成项,蔬菜菜肴,瓜茄类,拍黄瓜以黄瓜为主料，属瓜茄类蔬菜。
黄瓜炒鸡蛋,晚餐,200,一份约200g,炒制,清淡,待审核,组合组成项,蛋白质菜,瓜茄类|蛋类,黄瓜炒鸡蛋以黄瓜与鸡蛋为主料，属蛋菜蛋白质菜。
黄瓜炒肉片,晚餐,250,一份约250g,炒制,咸鲜,待审核,组合组成项,蛋白质菜,瓜茄类|畜肉,黄瓜炒肉片以黄瓜与猪肉片为主料，属畜肉蛋白质菜。
蒜蓉炒苦瓜,晚餐,200,一份约200g,炒制,蒜香,待审核,组合组成项,蔬菜菜肴,瓜茄类,蒜蓉炒苦瓜以苦瓜为主料，属瓜茄类蔬菜菜肴。
苦瓜炒肉,晚餐,250,一份约250g,炒制,咸鲜,待审核,组合组成项,蛋白质菜,瓜茄类|畜肉,苦瓜炒肉以苦瓜与猪肉为主料，属畜肉蛋白质菜。
清炒南瓜,晚餐,200,一份约200g,炒制,甜味,待审核,组合组成项,蔬菜菜肴,瓜茄类,清炒南瓜以南瓜为主料，属瓜茄类蔬菜菜肴。
蒜蓉炒南瓜,晚餐,200,一份约200g,炒制,蒜香,待审核,组合组成项,蔬菜菜肴,瓜茄类,蒜蓉炒南瓜以南瓜为主料，属瓜茄类蔬菜菜肴。
南瓜炒百合,晚餐,200,一份约200g,炒制,清淡,待审核,组合组成项,蔬菜菜肴,瓜茄类,南瓜炒百合以南瓜与百合为主料，属蔬菜菜肴。
清炒冬瓜,晚餐,200,一份约200g,炒制,清淡,待审核,组合组成项,蔬菜菜肴,瓜茄类,清炒冬瓜以冬瓜为主料，属瓜茄类蔬菜菜肴。
红烧冬瓜,晚餐,200,一份约200g,焖制,咸鲜,待审核,组合组成项,蔬菜菜肴,瓜茄类,红烧冬瓜以冬瓜为主料，属瓜茄类蔬菜菜肴。
虾皮炒冬瓜,晚餐,200,一份约200g,炒制,咸鲜,待审核,组合组成项,蔬菜菜肴,瓜茄类|虾蟹贝类,虾皮炒冬瓜以冬瓜与虾皮为主料，属蔬菜菜肴。
冬瓜海米汤,晚餐,250,一碗约250g,煮制,清淡,待审核,组合组成项,汤羹,瓜茄类|虾蟹贝类,冬瓜海米汤以冬瓜与海米煮汤，属蔬菜汤羹。
凉拌西葫芦,加餐,150,一份约150g,凉拌,清淡,待审核,组合组成项,蔬菜菜肴,瓜茄类,凉拌西葫芦以西葫芦为主料，属瓜茄类蔬菜。
清炒西葫芦,晚餐,200,一份约200g,炒制,清淡,待审核,组合组成项,蔬菜菜肴,瓜茄类,清炒西葫芦以西葫芦为主料，属瓜茄类蔬菜菜肴。
西葫芦炒番茄,晚餐,200,一份约200g,炒制,酸甜,待审核,组合组成项,蔬菜菜肴,瓜茄类,西葫芦炒番茄以西葫芦与番茄为主料，属蔬菜菜肴。
番茄炒菜花,晚餐,200,一份约200g,炒制,酸甜,待审核,组合组成项,蔬菜菜肴,瓜茄类|花茎类,番茄炒菜花以番茄与花菜为主料，属蔬菜菜肴。
番茄炖豆腐,晚餐,250,一份约250g,炖煮,酸甜,待审核,组合组成项,蔬菜菜肴,瓜茄类|大豆及豆制品,番茄炖豆腐以番茄与豆腐为主料，属蔬菜菜肴。
糖拌番茄,加餐,150,一份约150g,凉拌,甜味,待审核,组合组成项,蔬菜菜肴,瓜茄类,糖拌番茄以番茄为主料，属瓜茄类蔬菜。
蒜蓉炒茄子,晚餐,200,一份约200g,炒制,蒜香,待审核,组合组成项,蔬菜菜肴,瓜茄类,蒜蓉炒茄子以茄子为主料，属瓜茄类蔬菜菜肴。
蒸茄子,晚餐,200,一份约200g,蒸制,咸鲜,待审核,组合组成项,蔬菜菜肴,瓜茄类,蒸茄子以茄子为主料，属瓜茄类蔬菜菜肴。
凉拌茄子,加餐,150,一份约150g,凉拌,蒜香,待审核,组合组成项,蔬菜菜肴,瓜茄类,凉拌茄子以茄子为主料，属瓜茄类蔬菜。
炒土豆片,晚餐,200,一份约200g,炒制,咸鲜,待审核,组合组成项,蔬菜菜肴,薯类,炒土豆片以土豆为主料，属薯类蔬菜菜肴。
土豆烧茄子,晚餐,250,一份约250g,炖煮,咸鲜,待审核,组合组成项,蔬菜菜肴,薯类|瓜茄类,土豆烧茄子以土豆与茄子为主料，属蔬菜菜肴。
土豆烧青椒,晚餐,250,一份约250g,炒制,咸鲜,待审核,组合组成项,蔬菜菜肴,薯类|瓜茄类,土豆烧青椒以土豆与青椒为主料，属蔬菜菜肴。
酸辣土豆丝,晚餐,250,一份约250g,炒制,酸辣,待审核,组合组成项,蔬菜菜肴,薯类,酸辣土豆丝以土豆为主料，属薯类蔬菜菜肴。
青椒土豆丝,晚餐,250,一份约250g,炒制,咸鲜,待审核,组合组成项,蔬菜菜肴,薯类|瓜茄类,青椒土豆丝以土豆与青椒为主料，属蔬菜菜肴。
炒胡萝卜丝,晚餐,200,一份约200g,炒制,清淡,待审核,组合组成项,蔬菜菜肴,根菜,炒胡萝卜丝以胡萝卜为主料，属根茎类蔬菜菜肴。
胡萝卜炒木耳,晚餐,200,一份约200g,炒制,清淡,待审核,组合组成项,蔬菜菜肴,根菜|菌菇,胡萝卜炒木耳以胡萝卜与木耳为主料，属蔬菜菜肴。
胡萝卜炒鸡蛋,晚餐,200,一份约200g,炒制,咸鲜,待审核,组合组成项,蛋白质菜,根菜|蛋类,胡萝卜炒鸡蛋以胡萝卜与鸡蛋为主料，属蛋菜蛋白质菜。
凉拌胡萝卜丝,加餐,150,一份约150g,凉拌,酸甜,待审核,组合组成项,蔬菜菜肴,根菜,凉拌胡萝卜丝以胡萝卜为主料，属根茎类蔬菜。
蓝莓山药,加餐,150,一份约150g,其他,甜味,待审核,组合组成项,蔬菜菜肴,根菜|水果,蓝莓山药以山药与蓝莓酱为主料，属蔬菜甜点。
山药炒木耳,晚餐,200,一份约200g,炒制,清淡,待审核,组合组成项,蔬菜菜肴,根菜|菌菇,山药炒木耳以山药与木耳为主料，属蔬菜菜肴。
西芹炒百合,晚餐,200,一份约200g,炒制,清淡,待审核,组合组成项,蔬菜菜肴,花茎类,西芹炒百合以西芹与百合为主料，属蔬菜菜肴。
西芹炒木耳,晚餐,200,一份约200g,炒制,清淡,待审核,组合组成项,蔬菜菜肴,花茎类|菌菇,西芹炒木耳以西芹与木耳为主料，属蔬菜菜肴。
西芹炒腰果,晚餐,200,一份约200g,炒制,咸鲜,待审核,组合组成项,蔬菜菜肴,花茎类|坚果,西芹炒腰果以西芹与腰果为主料，属蔬菜菜肴。
香菇青菜,晚餐,200,一份约200g,炒制,咸鲜,待审核,组合组成项,蔬菜菜肴,菌菇|叶菜,香菇青菜以香菇与青菜为主料，属蔬菜菜肴。
香菇炒油菜,晚餐,200,一份约200g,炒制,咸鲜,待审核,组合组成项,蔬菜菜肴,菌菇|叶菜,香菇炒油菜以香菇与油菜为主料，属蔬菜菜肴。
香菇炒生菜,晚餐,200,一份约200g,炒制,咸鲜,待审核,组合组成项,蔬菜菜肴,菌菇|叶菜,香菇炒生菜以香菇与生菜为主料，属蔬菜菜肴。
香菇炒冬瓜,晚餐,200,一份约200g,炒制,咸鲜,待审核,组合组成项,蔬菜菜肴,菌菇|瓜茄类,香菇炒冬瓜以香菇与冬瓜为主料，属蔬菜菜肴。
香菇炒芦笋,晚餐,200,一份约200g,炒制,咸鲜,待审核,组合组成项,蔬菜菜肴,菌菇|花茎类,香菇炒芦笋以香菇与芦笋为主料，属蔬菜菜肴。
炒双菇,晚餐,200,一份约200g,炒制,咸鲜,待审核,组合组成项,蔬菜菜肴,菌菇,炒双菇以多种菌菇为主料，属菌菇蔬菜菜肴。
香菇炒花菜,晚餐,200,一份约200g,炒制,咸鲜,待审核,组合组成项,蔬菜菜肴,菌菇|花茎类,香菇炒花菜以香菇与花菜为主料，属蔬菜菜肴。
蚝油娃娃菜,晚餐,200,一份约200g,炒制,咸鲜,待审核,组合组成项,蔬菜菜肴,叶菜,蚝油娃娃菜以娃娃菜为主料，属叶菜蔬菜菜肴。
清炒西兰花,晚餐,200,一份约200g,炒制,清淡,待审核,组合组成项,蔬菜菜肴,花茎类,清炒西兰花以西蓝花为主料，属花茎类蔬菜菜肴。
白灼西兰花,晚餐,200,一份约200g,煮制,清淡,待审核,组合组成项,蔬菜菜肴,花茎类,白灼西兰花以西蓝花为主料，属花茎类蔬菜菜肴。
西兰花炒胡萝卜,晚餐,200,一份约200g,炒制,清淡,待审核,组合组成项,蔬菜菜肴,花茎类|根菜,西兰花炒胡萝卜以西蓝花与胡萝卜为主料。
西兰花炒香菇,晚餐,200,一份约200g,炒制,咸鲜,待审核,组合组成项,蔬菜菜肴,花茎类|菌菇,西兰花炒香菇以西蓝花与香菇为主料，属蔬菜菜肴。
凉拌海带丝,加餐,150,一份约150g,凉拌,酸辣,待审核,组合组成项,蔬菜菜肴,藻类,凉拌海带丝以海带为主料，属藻类蔬菜。
海带炒豆芽,晚餐,200,一份约200g,炒制,咸鲜,待审核,组合组成项,蔬菜菜肴,藻类|其他谷物,海带炒豆芽以海带与豆芽为主料，属蔬菜菜肴。
海带炖豆腐,晚餐,300,一份约300g,炖煮,咸鲜,待审核,组合组成项,蔬菜菜肴,藻类|大豆及豆制品,海带炖豆腐以海带与豆腐为主料，属蔬菜菜肴。
凉拌裙带菜,加餐,150,一份约150g,凉拌,酸辣,待审核,组合组成项,蔬菜菜肴,藻类,凉拌裙带菜以裙带菜为主料，属藻类蔬菜。
凉拌秋葵,加餐,150,一份约150g,凉拌,清淡,待审核,组合组成项,蔬菜菜肴,花茎类,凉拌秋葵以秋葵为主料，属花茎类蔬菜。
白灼秋葵,晚餐,150,一份约150g,煮制,清淡,待审核,组合组成项,蔬菜菜肴,花茎类,白灼秋葵以秋葵为主料，属花茎类蔬菜菜肴。
蒜蓉秋葵,晚餐,150,一份约150g,蒸制,蒜香,待审核,组合组成项,蔬菜菜肴,花茎类,蒜蓉秋葵以秋葵为主料，属花茎类蔬菜菜肴。
凉拌莴笋丝,加餐,150,一份约150g,凉拌,酸甜,待审核,组合组成项,蔬菜菜肴,根菜,凉拌莴笋丝以莴笋为主料，属根茎类蔬菜。
清炒莴笋丝,晚餐,200,一份约200g,炒制,清淡,待审核,组合组成项,蔬菜菜肴,根菜,清炒莴笋丝以莴笋为主料，属根茎类蔬菜菜肴。
莴笋炒木耳,晚餐,200,一份约200g,炒制,清淡,待审核,组合组成项,蔬菜菜肴,根菜|菌菇,莴笋炒木耳以莴笋与木耳为主料，属蔬菜菜肴。
拍黄瓜拌木耳,加餐,150,一份约150g,凉拌,蒜香,待审核,组合组成项,蔬菜菜肴,瓜茄类|菌菇,拍黄瓜拌木耳以黄瓜与木耳为主料，属蔬菜。
白米饭,午餐|晚餐,200,熟米饭200g,蒸制,原味,待审核,组合组成项,主食,米及制品,白米饭以大米为主料，作为组合餐主食。
糙米饭,午餐|晚餐,200,熟糙米饭200g,蒸制,原味,待审核,组合组成项,主食,米及制品,糙米饭以糙米为主料，作为组合餐主食。
燕麦饭,午餐|晚餐,250,一份约250g,蒸制,原味,待审核,组合组成项,主食,其他谷物,燕麦饭以燕麦为主料，作为组合餐主食。
小米饭,午餐|晚餐,250,一份约250g,蒸制,原味,待审核,组合组成项,主食,其他谷物,小米饭以小米为主料，作为组合餐主食。
玉米饭,午餐|晚餐,250,一份约250g,蒸制,原味,待审核,组合组成项,主食,米及制品|其他谷物,玉米饭以大米与玉米为主料，作为主食。
红豆饭,午餐|晚餐,250,一份约250g,蒸制,甜味,待审核,组合组成项,主食,米及制品|杂豆,红豆饭以大米与红豆为主料，作为主食。
绿豆饭,午餐|晚餐,250,一份约250g,蒸制,原味,待审核,组合组成项,主食,米及制品|杂豆,绿豆饭以大米与绿豆为主料，作为主食。
黑米饭,午餐|晚餐,250,一份约250g,蒸制,原味,待审核,组合组成项,主食,米及制品,黑米饭以黑米为主料，作为组合餐主食。
紫米饭,午餐|晚餐,250,一份约250g,蒸制,原味,待审核,组合组成项,主食,米及制品,紫米饭以紫米为主料，作为组合餐主食。
玉米粥,午餐|晚餐,300,一碗约300g,煮制,原味,待审核,组合组成项,主食,其他谷物,玉米粥以玉米熬粥，作为早餐主食。
红薯粥,午餐|晚餐,300,一碗约300g,煮制,甜味,待审核,组合组成项,主食,米及制品|薯类,红薯粥以大米与红薯熬粥，作为早餐主食。
莲子粥,午餐|晚餐,300,一碗约300g,煮制,甜味,待审核,组合组成项,主食,米及制品,莲子粥以大米与莲子熬粥，作为早餐主食。
百合粥,午餐|晚餐,300,一碗约300g,煮制,清淡,待审核,组合组成项,主食,米及制品,百合粥以大米与百合熬粥，作为早餐主食。
芝麻粥,午餐|晚餐,300,一碗约300g,煮制,原味,待审核,组合组成项,主食,米及制品|种子,芝麻粥以大米与芝麻熬粥，作为早餐主食。
花卷,午餐|晚餐,100,一个约100g,蒸制,咸鲜,待审核,组合组成项,主食,麦及制品,花卷以面粉卷制蒸制，作为早餐主食。
菜包子,午餐|晚餐,150,两个约150g,蒸制,咸鲜,待审核,组合组成项,主食,麦及制品|叶菜,菜包子以面皮包素菜蒸制，作为早餐主食。
肉包子,午餐|晚餐,150,两个约150g,蒸制,咸鲜,待审核,组合组成项,主食,麦及制品|畜肉,肉包子以面皮包肉馅蒸制，作为早餐主食。
全麦馒头,午餐|晚餐,100,一个约100g,蒸制,原味,待审核,组合组成项,主食,麦及制品,全麦馒头以全麦粉蒸制，作为早餐主食。
窝窝头,午餐|晚餐,100,一个约100g,蒸制,原味,待审核,组合组成项,主食,其他谷物,窝窝头以玉米粉蒸制，作为早餐主食。
玉米饼,午餐|晚餐,150,一个约150g,煎制,原味,待审核,组合组成项,主食,其他谷物,玉米饼以玉米粉煎制，作为早餐主食。
全麦面包,午餐|晚餐,100,两片约100g,烤制,原味,待审核,组合组成项,主食,麦及制品,全麦面包以全麦粉烤制，作为早餐主食。
白面包,午餐|晚餐,100,两片约100g,烤制,甜味,待审核,组合组成项,主食,麦及制品,白面包以面粉烤制，作为早餐主食。
燕麦片,午餐|晚餐,50,一份约50g,冲泡,原味,待审核,组合组成项,主食,其他谷物,燕麦片以燕麦冲泡，作为早餐主食。
面条,午餐|晚餐,300,一碗约300g,煮制,咸鲜,待审核,整餐候选,主食,麦及制品,面条以小麦面条煮制，可作整餐主食。
汤面,午餐|晚餐,350,一碗约350g,煮制,咸鲜,待审核,整餐候选,主食,麦及制品,汤面以面条加汤煮制，可作整餐主食。
拌面,午餐|晚餐,300,一碗约300g,凉拌,咸鲜,待审核,整餐候选,主食,麦及制品,拌面以面条拌酱汁，可作整餐主食。
炒面,午餐,350,一份约350g,炒制,咸鲜,待审核,整餐候选,混合主餐,麦及制品,炒面以面条炒制，可作整餐混合主餐。
拉面,午餐|晚餐,350,一碗约350g,煮制,咸鲜,待审核,整餐候选,主食,麦及制品,拉面以手工面条煮制，可作整餐主食。
挂面,午餐|晚餐,300,一碗约300g,煮制,咸鲜,待审核,整餐候选,主食,麦及制品,挂面以干面条煮制，可作整餐主食。
意面,午餐,300,一份约300g,煮制,咸鲜,待审核,整餐候选,混合主餐,麦及制品,意面以意大利面煮制，可作整餐主餐。
米粉,午餐|晚餐,350,一碗约350g,煮制,咸鲜,待审核,整餐候选,主食,米及制品,米粉以大米米粉煮制，可作整餐主食。
河粉,午餐,350,一份约350g,炒制,咸鲜,待审核,整餐候选,混合主餐,米及制品,河粉以大米河粉炒制，可作整餐主餐。
蒸土豆,午餐|晚餐,150,一个约150g,蒸制,原味,待审核,组合组成项,主食,薯类,蒸土豆以土豆蒸制，作为早餐主食。
煮玉米,午餐|晚餐,150,一根约150g,煮制,原味,待审核,组合组成项,主食,其他谷物,煮玉米以玉米煮制，作为加餐主食。
紫薯饭,午餐|晚餐,250,一份约250g,蒸制,原味,待审核,组合组成项,主食,米及制品|薯类,紫薯饭以大米与紫薯蒸制，作为主食。
荞麦面,午餐|晚餐,250,一碗约250g,煮制,清淡,待审核,整餐候选,主食,其他谷物,荞麦面以荞麦面条煮制，可作整餐主食。
全麦面条,午餐|晚餐,300,一碗约300g,煮制,清淡,待审核,整餐候选,主食,麦及制品,全麦面条以全麦粉面条煮制，可作整餐主食。
红薯饭,午餐|晚餐,250,一份约250g,蒸制,原味,待审核,组合组成项,主食,米及制品|薯类,红薯饭以大米与红薯蒸制，作为主食。
土豆泥,午餐|晚餐,200,一份约200g,蒸制,原味,待审核,组合组成项,主食,薯类,土豆泥以土豆捣泥，作为组合餐主食。
玉米窝头,午餐|晚餐,100,一个约100g,蒸制,原味,待审核,组合组成项,主食,其他谷物,玉米窝头以玉米粉蒸制，作为早餐主食。
蛋炒饭,午餐,350,一份约350g,炒制,咸鲜,待审核,整餐候选,混合主餐,米及制品|蛋类,蛋炒饭以米饭与鸡蛋炒制，可作整餐主餐。
肉丝炒饭,午餐,350,一份约350g,炒制,咸鲜,待审核,整餐候选,混合主餐,米及制品|畜肉,肉丝炒饭以米饭与猪肉丝炒制，可作整餐。
鸡丁炒饭,午餐,350,一份约350g,炒制,咸鲜,待审核,整餐候选,混合主餐,米及制品|禽肉,鸡丁炒饭以米饭与鸡肉丁炒制，可作整餐。
牛肉炒饭,午餐,350,一份约350g,炒制,咸鲜,待审核,整餐候选,混合主餐,米及制品|畜肉,牛肉炒饭以米饭与牛肉炒制，可作整餐。
虾仁炒饭,午餐,350,一份约350g,炒制,咸鲜,待审核,整餐候选,混合主餐,米及制品|虾蟹贝类,虾仁炒饭以米饭与虾仁炒制，可作整餐。
酱油炒饭,午餐,350,一份约350g,炒制,咸鲜,待审核,整餐候选,混合主餐,米及制品,酱油炒饭以米饭加酱油炒制，可作整餐主餐。
咖喱牛肉饭,午餐,350,一份约350g,炖煮,咸鲜,待审核,整餐候选,混合主餐,米及制品|畜肉,咖喱牛肉饭以牛肉咖喱配米饭，可作整餐。
咖喱鸡肉饭,午餐,350,一份约350g,炖煮,咸鲜,待审核,整餐候选,混合主餐,米及制品|禽肉,咖喱鸡肉饭以鸡肉咖喱配米饭，可作整餐。
番茄牛肉饭,午餐,350,一份约350g,炖煮,酸甜,待审核,整餐候选,混合主餐,米及制品|畜肉,番茄牛肉饭以番茄牛肉配米饭，可作整餐。
牛肉盖饭,午餐,350,一份约350g,炖煮,咸鲜,待审核,整餐候选,混合主餐,米及制品|畜肉,牛肉盖饭以牛肉浇米饭，可作整餐主餐。
鸡排饭,午餐,350,一份约350g,油炸,咸鲜,待审核,整餐候选,混合主餐,米及制品|禽肉,鸡排饭以炸鸡排配米饭，可作整餐主餐。
猪排饭,午餐,350,一份约350g,油炸,咸鲜,待审核,整餐候选,混合主餐,米及制品|畜肉,猪排饭以炸猪排配米饭，可作整餐主餐。
照烧鸡排饭,午餐,350,一份约350g,烤制,咸鲜,待审核,整餐候选,混合主餐,米及制品|禽肉,照烧鸡排饭以照烧鸡排配米饭，可作整餐。
麻婆豆腐饭,午餐,350,一份约350g,煮制,麻辣,待审核,整餐候选,混合主餐,米及制品|大豆及豆制品,麻婆豆腐饭以麻婆豆腐配米饭，可作整餐。
宫保鸡丁饭,午餐,350,一份约350g,炒制,酸甜,待审核,整餐候选,混合主餐,米及制品|禽肉,宫保鸡丁饭以宫保鸡丁配米饭，可作整餐。
鱼香肉丝饭,午餐,350,一份约350g,炒制,酸甜,待审核,整餐候选,混合主餐,米及制品|畜肉,鱼香肉丝饭以鱼香肉丝配米饭，可作整餐。
豆角焖面,午餐,350,一份约350g,焖制,咸鲜,待审核,整餐候选,混合主餐,麦及制品|花茎类,豆角焖面以面条与豆角焖制，可作整餐主餐。
茄子焖面,午餐,350,一份约350g,焖制,咸鲜,待审核,整餐候选,混合主餐,麦及制品|瓜茄类,茄子焖面以面条与茄子焖制，可作整餐主餐。
肉沫茄子饭,午餐,350,一份约350g,焖制,咸鲜,待审核,整餐候选,混合主餐,米及制品|瓜茄类|畜肉,肉沫茄子饭以肉沫茄子配米饭，可作整餐。
番茄鸡蛋盖饭,午餐,350,一份约350g,炒制,酸甜,待审核,整餐候选,混合主餐,米及制品|瓜茄类|蛋类,番茄鸡蛋盖饭以番茄炒蛋配米饭，可作整餐。
青椒肉丝饭,午餐,350,一份约350g,炒制,咸鲜,待审核,整餐候选,混合主餐,米及制品|畜肉|瓜茄类,青椒肉丝饭以青椒肉丝配米饭，可作整餐。
西兰花牛肉饭,午餐,350,一份约350g,炒制,咸鲜,待审核,整餐候选,混合主餐,米及制品|畜肉|花茎类,西兰花牛肉饭以西蓝花牛肉配米饭，可作整餐。
三鲜炒面,午餐,350,一份约350g,炒制,咸鲜,待审核,整餐候选,混合主餐,麦及制品|虾蟹贝类,三鲜炒面以面条与海鲜炒制，可作整餐主餐。
什锦炒饭,午餐,350,一份约350g,炒制,咸鲜,待审核,整餐候选,混合主餐,米及制品|蛋类,什锦炒饭以多种配料炒饭，可作整餐主餐。
腊肠炒饭,午餐,350,一份约350g,炒制,咸鲜,待审核,整餐候选,混合主餐,米及制品|畜肉,腊肠炒饭以米饭与腊肠炒制，可作整餐主餐。
培根炒饭,午餐,350,一份约350g,炒制,咸鲜,待审核,整餐候选,混合主餐,米及制品|畜肉,培根炒饭以米饭与培根炒制，可作整餐主餐。
蟹粉拌面,午餐,300,一碗约300g,煮制,鲜香,待审核,整餐候选,混合主餐,麦及制品|虾蟹贝类,蟹粉拌面以蟹粉拌面条，可作整餐主餐。
牛肉炒河粉,午餐,350,一份约350g,炒制,咸鲜,待审核,整餐候选,混合主餐,米及制品|畜肉,牛肉炒河粉以河粉与牛肉炒制，可作整餐主餐。
番茄鸡蛋汤,晚餐,250,一碗约250g,煮制,酸甜,待审核,组合组成项,汤羹,瓜茄类|蛋类,番茄鸡蛋汤以番茄与鸡蛋煮汤，属家常汤羹。
冬瓜排骨汤,晚餐,350,一碗约350g,炖煮,鲜香,待审核,组合组成项,汤羹,畜肉|瓜茄类,冬瓜排骨汤以排骨与冬瓜炖汤，属肉汤羹。
山药排骨汤,晚餐,350,一碗约350g,炖煮,鲜香,待审核,组合组成项,汤羹,畜肉|根菜,山药排骨汤以排骨与山药炖汤，属肉汤羹。
萝卜排骨汤,晚餐,350,一碗约350g,炖煮,鲜香,待审核,组合组成项,汤羹,畜肉|根菜,萝卜排骨汤以排骨与萝卜炖汤，属肉汤羹。
白菜豆腐汤,晚餐,250,一碗约250g,煮制,清淡,待审核,组合组成项,汤羹,叶菜|大豆及豆制品,白菜豆腐汤以白菜与豆腐煮汤，属素汤羹。
丝瓜蛋汤,晚餐,250,一碗约250g,煮制,清淡,待审核,组合组成项,汤羹,瓜茄类|蛋类,丝瓜蛋汤以丝瓜与鸡蛋煮汤，属家常汤羹。
菌菇鸡汤,晚餐,350,一碗约350g,炖煮,鲜香,待审核,组合组成项,汤羹,禽肉|菌菇,菌菇鸡汤以鸡肉与菌菇炖汤，属肉汤羹。
清炖鸡汤,晚餐,350,一碗约350g,炖煮,鲜香,待审核,组合组成项,汤羹,禽肉,清炖鸡汤以整鸡炖汤，属肉汤羹。
老母鸡汤,晚餐,350,一碗约350g,炖煮,鲜香,待审核,组合组成项,汤羹,禽肉,老母鸡汤以老母鸡炖汤，属肉汤羹。
参鸡汤,晚餐,350,一碗约350g,炖煮,鲜香,待审核,组合组成项,汤羹,禽肉,参鸡汤以鸡肉与人参炖汤，属肉汤羹。
番茄牛肉汤,晚餐,350,一碗约350g,炖煮,酸甜,待审核,组合组成项,汤羹,畜肉|瓜茄类,番茄牛肉汤以牛肉与番茄炖汤，属肉汤羹。
萝卜牛肉汤,晚餐,350,一碗约350g,炖煮,鲜香,待审核,组合组成项,汤羹,畜肉|根菜,萝卜牛肉汤以牛肉与萝卜炖汤，属肉汤羹。
羊肉萝卜汤,晚餐,350,一碗约350g,炖煮,鲜香,待审核,组合组成项,汤羹,畜肉|根菜,羊肉萝卜汤以羊肉与萝卜炖汤，属肉汤羹。
鲫鱼豆腐汤,晚餐,350,一碗约350g,煮制,鲜香,待审核,组合组成项,汤羹,鱼类|大豆及豆制品,鲫鱼豆腐汤以鲫鱼与豆腐煮汤，属鱼汤羹。
鱼头豆腐汤,晚餐,350,一碗约350g,煮制,鲜香,待审核,组合组成项,汤羹,鱼类|大豆及豆制品,鱼头豆腐汤以鱼头与豆腐煮汤，属鱼汤羹。
银耳莲子汤,加餐,250,一碗约250g,煮制,甜味,待审核,组合组成项,汤羹,其他植物蛋白制品,银耳莲子汤以银耳与莲子煮甜汤，属甜汤羹。
绿豆汤,加餐,300,一碗约300g,煮制,甜味,待审核,组合组成项,汤羹,杂豆,绿豆汤以绿豆煮甜汤，属甜汤羹。
红豆汤,加餐,300,一碗约300g,煮制,甜味,待审核,组合组成项,汤羹,杂豆,红豆汤以红豆煮甜汤，属甜汤羹。
酒酿小圆子,加餐,250,一碗约250g,煮制,甜味,待审核,组合组成项,汤羹,米及制品,酒酿小圆子以酒酿与糯米圆子煮甜汤，属甜汤羹。
酸辣汤,晚餐,250,一碗约250g,煮制,酸辣,待审核,组合组成项,汤羹,畜肉|菌菇,酸辣汤以豆腐、木耳、鸡蛋等煮酸辣汤，属汤羹。
疙瘩汤,晚餐,300,一碗约300g,煮制,咸鲜,待审核,组合组成项,汤羹,麦及制品|叶菜,疙瘩汤以面疙瘩与蔬菜煮汤，属面汤羹。
面片汤,晚餐,300,一碗约300g,煮制,咸鲜,待审核,组合组成项,汤羹,麦及制品,面片汤以面片煮制，属面汤羹。
馄饨汤,晚餐,300,一碗约300g,煮制,咸鲜,待审核,组合组成项,汤羹,麦及制品,馄饨汤以馄饨煮汤，属面汤羹。
肉片汤,晚餐,300,一碗约300g,煮制,咸鲜,待审核,组合组成项,汤羹,畜肉|叶菜,肉片汤以猪肉片与蔬菜煮汤，属肉汤羹。
白灼牛肉,晚餐,250,一份约250g,煮制,原味,待审核,组合组成项,蛋白质菜,畜肉,白灼牛肉以牛肉为主料，属畜肉蛋白质菜。
红烧牛尾,晚餐,300,一份约300g,炖煮,咸鲜,待审核,组合组成项,蛋白质菜,畜肉,红烧牛尾以牛尾为主料，属畜肉蛋白质菜。
蒜蓉空心菜,晚餐,200,一份约200g,炒制,蒜香,待审核,组合组成项,蔬菜菜肴,叶菜,蒜蓉空心菜以空心菜为主料，属叶菜蔬菜菜肴。
炒苋菜,晚餐,200,一份约200g,炒制,咸鲜,待审核,组合组成项,蔬菜菜肴,叶菜,炒苋菜以苋菜为主料，属叶菜蔬菜菜肴。
凉拌生菜,加餐,150,一份约150g,凉拌,清淡,待审核,组合组成项,蔬菜菜肴,叶菜,凉拌生菜以生菜为主料，属叶菜蔬菜。
清炒鸡毛菜,晚餐,200,一份约200g,炒制,清淡,待审核,组合组成项,蔬菜菜肴,叶菜,清炒鸡毛菜以鸡毛菜为主料，属叶菜蔬菜菜肴。
鸡丝粥,午餐|晚餐,300,一碗约300g,煮制,咸鲜,待审核,组合组成项,主食,米及制品|禽肉,鸡丝粥以大米与鸡丝熬粥，作为早餐主食。
鱼丸汤,晚餐,300,一碗约300g,煮制,鲜香,待审核,组合组成项,汤羹,鱼类,鱼丸汤以鱼丸煮汤，属鱼汤羹。
苹果,加餐,200,一个约200g,其他,甜味,待审核,组合组成项,水果,水果,苹果作为新鲜水果，属水果类加餐。
香蕉,加餐,120,一根约120g,其他,甜味,待审核,组合组成项,水果,水果,香蕉作为新鲜水果，属水果类加餐。
橙子,加餐,150,一个约150g,其他,甜味,待审核,组合组成项,水果,水果,橙子作为新鲜水果，属水果类加餐。
纯牛奶,早餐,250,一杯约250ml,其他,原味,待审核,组合组成项,奶及替代品,奶及奶制品,纯牛奶作为乳制品，属奶及替代品。
水煮花生,加餐,100,一份约100g,煮制,五香,待审核,组合组成项,坚果种子,坚果,水煮花生以花生为主料，属坚果种子类加餐。
原味核桃,加餐,30,一份约30g,其他,原味,待审核,组合组成项,坚果种子,坚果,原味核桃作为坚果，属坚果种子类加餐。
原味杏仁,加餐,30,一份约30g,其他,原味,待审核,组合组成项,坚果种子,坚果,原味杏仁作为坚果，属坚果种子类加餐。
无糖豆浆,早餐,250,一杯约250ml,煮制,原味,待审核,组合组成项,饮品,大豆及豆制品,无糖豆浆以大豆磨制，属饮品。
黑咖啡,早餐,200,一杯约200ml,冲泡,原味,待审核,组合组成项,饮品,植物替代饮品,黑咖啡作为饮品，属植物替代饮品。
蒜蓉茼蒿,晚餐,200,一份约200g,炒制,蒜香,待审核,组合组成项,蔬菜菜肴,叶菜,蒜蓉茼蒿以茼蒿为主料，属叶菜蔬菜菜肴。
清炒木耳菜,晚餐,200,一份约200g,炒制,清淡,待审核,组合组成项,蔬菜菜肴,叶菜,清炒木耳菜以木耳菜为主料，属叶菜蔬菜菜肴。
蒜蓉红薯叶,晚餐,200,一份约200g,炒制,蒜香,待审核,组合组成项,蔬菜菜肴,叶菜,蒜蓉红薯叶以红薯叶为主料，属叶菜蔬菜菜肴。
清炒韭菜花,晚餐,200,一份约200g,炒制,咸鲜,待审核,组合组成项,蔬菜菜肴,花茎类,清炒韭菜花以韭菜花为主料，属花茎类蔬菜菜肴。
凉拌折耳根,加餐,150,一份约150g,凉拌,酸辣,待审核,组合组成项,蔬菜菜肴,根菜,凉拌折耳根以鱼腥草根茎为主料，属根茎类蔬菜。
凉拌马齿苋,加餐,150,一份约150g,凉拌,酸辣,待审核,组合组成项,蔬菜菜肴,叶菜,凉拌马齿苋以马齿苋为主料，属叶菜蔬菜。
蒜蓉炒荷兰豆,晚餐,200,一份约200g,炒制,蒜香,待审核,组合组成项,蔬菜菜肴,花茎类,蒜蓉炒荷兰豆以荷兰豆为主料，属花茎类蔬菜菜肴。
清炒西兰花梗,晚餐,200,一份约200g,炒制,清淡,待审核,组合组成项,蔬菜菜肴,花茎类,清炒西兰花梗以西蓝花梗为主料，属花茎类蔬菜菜肴。
白灼芦笋,晚餐,200,一份约200g,煮制,清淡,待审核,组合组成项,蔬菜菜肴,花茎类,白灼芦笋以芦笋为主料，属花茎类蔬菜菜肴。
凉拌芦笋,加餐,150,一份约150g,凉拌,清淡,待审核,组合组成项,蔬菜菜肴,花茎类,凉拌芦笋以芦笋为主料，属花茎类蔬菜。
炒茭白丝,晚餐,200,一份约200g,炒制,清淡,待审核,组合组成项,蔬菜菜肴,根菜,炒茭白丝以茭白为主料，属根茎类蔬菜菜肴。
葱油茭白,晚餐,200,一份约200g,炒制,咸鲜,待审核,组合组成项,蔬菜菜肴,根菜,葱油茭白以茭白为主料，属根茎类蔬菜菜肴。
凉拌茭白丝,加餐,150,一份约150g,凉拌,清淡,待审核,组合组成项,蔬菜菜肴,根菜,凉拌茭白丝以茭白为主料，属根茎类蔬菜。
炒茭白,晚餐,200,一份约200g,炒制,清淡,待审核,组合组成项,蔬菜菜肴,根菜,炒茭白以茭白为主料，属根茎类蔬菜菜肴。
清炒豌豆苗,晚餐,200,一份约200g,炒制,清淡,待审核,组合组成项,蔬菜菜肴,叶菜,清炒豌豆苗以豌豆苗为主料，属叶菜蔬菜菜肴。
上汤豆苗,晚餐,250,一份约250g,煮制,咸鲜,待审核,组合组成项,蔬菜菜肴,叶菜,上汤豆苗以豆苗为主料，属叶菜蔬菜菜肴。
凉拌莴笋,加餐,150,一份约150g,凉拌,清淡,待审核,组合组成项,蔬菜菜肴,根菜,凉拌莴笋以莴笋为主料，属根茎类蔬菜。
清炒莴笋,晚餐,200,一份约200g,炒制,清淡,待审核,组合组成项,蔬菜菜肴,根菜,清炒莴笋以莴笋为主料，属根茎类蔬菜菜肴。
炒藕带,晚餐,200,一份约200g,炒制,酸辣,待审核,组合组成项,蔬菜菜肴,根菜,炒藕带以藕带为主料，属根茎类蔬菜菜肴。
凉拌藕带,加餐,150,一份约150g,凉拌,酸辣,待审核,组合组成项,蔬菜菜肴,根菜,凉拌藕带以藕带为主料，属根茎类蔬菜。
酸辣藕丁,晚餐,200,一份约200g,炒制,酸辣,待审核,组合组成项,蔬菜菜肴,根菜,酸辣藕丁以莲藕切丁为主料，属根茎类蔬菜菜肴。
炒菱角,晚餐,200,一份约200g,炒制,清淡,待审核,组合组成项,蔬菜菜肴,其他谷物,炒菱角以菱角为主料，属水生谷物蔬菜。
炒荸荠,晚餐,200,一份约200g,炒制,清淡,待审核,组合组成项,蔬菜菜肴,根菜,炒荸荠以荸荠为主料，属根茎类蔬菜菜肴。
凉拌荸荠,加餐,150,一份约150g,凉拌,清淡,待审核,组合组成项,蔬菜菜肴,根菜,凉拌荸荠以荸荠为主料，属根茎类蔬菜。
清炒慈姑,晚餐,200,一份约200g,炒制,清淡,待审核,组合组成项,蔬菜菜肴,根菜,清炒慈姑以慈姑为主料，属根茎类蔬菜菜肴。
炒水芹,晚餐,200,一份约200g,炒制,清淡,待审核,组合组成项,蔬菜菜肴,花茎类,炒水芹以水芹为主料，属花茎类蔬菜菜肴。
凉拌水芹,加餐,150,一份约150g,凉拌,清淡,待审核,组合组成项,蔬菜菜肴,花茎类,凉拌水芹以水芹为主料，属花茎类蔬菜。
清炒莼菜,晚餐,200,一份约200g,炒制,清淡,待审核,组合组成项,蔬菜菜肴,藻类,清炒莼菜以莼菜为主料，属藻类蔬菜菜肴。
莼菜汤,晚餐,250,一碗约250g,煮制,清淡,待审核,组合组成项,汤羹,藻类,莼菜汤以莼菜煮汤，属藻类蔬菜汤羹。
炒鸡头米,晚餐,200,一份约200g,炒制,清淡,待审核,组合组成项,蔬菜菜肴,其他谷物,炒鸡头米以芡实为主料，属水生谷物蔬菜。
桂花鸡头米,加餐,150,一份约150g,煮制,甜味,待审核,组合组成项,汤羹,其他谷物,桂花鸡头米以芡实加桂花煮甜汤，属甜汤羹。
清炒菱白,晚餐,200,一份约200g,炒制,清淡,待审核,组合组成项,蔬菜菜肴,根菜,清炒菱白以茭白为主料，属根茎类蔬菜菜肴。
蒜蓉西兰花梗,晚餐,200,一份约200g,炒制,蒜香,待审核,组合组成项,蔬菜菜肴,花茎类,蒜蓉西兰花梗以西蓝花梗为主料。
凉拌海带结,加餐,150,一份约150g,凉拌,酸辣,待审核,组合组成项,蔬菜菜肴,藻类,凉拌海带结以海带结为主料，属藻类蔬菜。
凉拌海蜇皮,加餐,150,一份约150g,凉拌,酸辣,待审核,组合组成项,蔬菜菜肴,藻类,凉拌海蜇皮以海蜇为主料，属藻类蔬菜。
炒海带丝,晚餐,200,一份约200g,炒制,咸鲜,待审核,组合组成项,蔬菜菜肴,藻类,炒海带丝以海带为主料，属藻类蔬菜菜肴。
凉拌裙带菜豆腐,加餐,150,一份约150g,凉拌,咸鲜,待审核,组合组成项,蔬菜菜肴,藻类|大豆及豆制品,凉拌裙带菜豆腐以裙带菜与豆腐为主料。
炒石花菜,晚餐,200,一份约200g,炒制,清淡,待审核,组合组成项,蔬菜菜肴,藻类,炒石花菜以石花菜为主料，属藻类蔬菜菜肴。
凉拌鹿角菜,加餐,150,一份约150g,凉拌,酸辣,待审核,组合组成项,蔬菜菜肴,藻类,凉拌鹿角菜以鹿角菜为主料，属藻类蔬菜。
炒羊栖菜,晚餐,200,一份约200g,炒制,咸鲜,待审核,组合组成项,蔬菜菜肴,藻类,炒羊栖菜以羊栖菜为主料，属藻类蔬菜菜肴。
凉拌发菜,加餐,150,一份约150g,凉拌,清淡,待审核,组合组成项,蔬菜菜肴,藻类,凉拌发菜以发菜为主料，属藻类蔬菜。
炒紫菜苔,晚餐,200,一份约200g,炒制,咸鲜,待审核,组合组成项,蔬菜菜肴,花茎类,炒紫菜苔以紫菜苔为主料，属花茎类蔬菜菜肴。
凉拌紫菜苔,加餐,150,一份约150g,凉拌,清淡,待审核,组合组成项,蔬菜菜肴,花茎类,凉拌紫菜苔以紫菜苔为主料，属花茎类蔬菜。
炒红菜苔,晚餐,200,一份约200g,炒制,咸鲜,待审核,组合组成项,蔬菜菜肴,花茎类,炒红菜苔以红菜苔为主料，属花茎类蔬菜菜肴。
清炒芥兰头,晚餐,200,一份约200g,炒制,清淡,待审核,组合组成项,蔬菜菜肴,根菜,清炒芥兰头以芥兰头为主料，属根茎类蔬菜菜肴。
凉拌芥兰头,加餐,150,一份约150g,凉拌,清淡,待审核,组合组成项,蔬菜菜肴,根菜,凉拌芥兰头以芥兰头为主料，属根茎类蔬菜。
炒球茎茴香,晚餐,200,一份约200g,炒制,清淡,待审核,组合组成项,蔬菜菜肴,花茎类,炒球茎茴香以球茎茴香为主料，属花茎类蔬菜菜肴。
凉拌茴香根,加餐,150,一份约150g,凉拌,清淡,待审核,组合组成项,蔬菜菜肴,根菜,凉拌茴香根以茴香根为主料，属根茎类蔬菜。
炒菊芋,晚餐,200,一份约200g,炒制,清淡,待审核,组合组成项,蔬菜菜肴,根菜,炒菊芋以菊芋为主料，属根茎类蔬菜菜肴。
凉拌菊芋丝,加餐,150,一份约150g,凉拌,清淡,待审核,组合组成项,蔬菜菜肴,根菜,凉拌菊芋丝以菊芋为主料，属根茎类蔬菜。
炒草石蚕,晚餐,200,一份约200g,炒制,清淡,待审核,组合组成项,蔬菜菜肴,根菜,炒草石蚕以草石蚕为主料，属根茎类蔬菜菜肴。
凉拌草石蚕,加餐,150,一份约150g,凉拌,清淡,待审核,组合组成项,蔬菜菜肴,根菜,凉拌草石蚕以草石蚕为主料，属根茎类蔬菜。
炒葛花,晚餐,200,一份约200g,炒制,清淡,待审核,组合组成项,蔬菜菜肴,花茎类,炒葛花以葛花为主料，属花类蔬菜菜肴。
凉拌葛花,加餐,150,一份约150g,凉拌,清淡,待审核,组合组成项,蔬菜菜肴,花茎类,凉拌葛花以葛花为主料，属花类蔬菜。
炒洋槐花,晚餐,200,一份约200g,炒制,清淡,待审核,组合组成项,蔬菜菜肴,花茎类,炒洋槐花以洋槐花为主料，属花类蔬菜菜肴。
槐花麦饭,晚餐,200,一份约200g,蒸制,清淡,待审核,组合组成项,蔬菜菜肴,花茎类|麦及制品,槐花麦饭以洋槐花拌面粉蒸制，属蔬菜菜肴。
炒榆钱,晚餐,200,一份约200g,炒制,清淡,待审核,组合组成项,蔬菜菜肴,花茎类,炒榆钱以榆钱为主料，属花类蔬菜菜肴。
榆钱饭,晚餐,200,一份约200g,蒸制,清淡,待审核,组合组成项,蔬菜菜肴,花茎类|麦及制品,榆钱饭以榆钱拌面粉蒸制，属蔬菜菜肴。
炒柳树芽,晚餐,200,一份约200g,炒制,清淡,待审核,组合组成项,蔬菜菜肴,叶菜,炒柳树芽以柳树芽为主料，属叶菜蔬菜菜肴。
凉拌柳树芽,加餐,150,一份约150g,凉拌,清淡,待审核,组合组成项,蔬菜菜肴,叶菜,凉拌柳树芽以柳树芽为主料，属叶菜蔬菜。
炒花椒叶,晚餐,200,一份约200g,炒制,清淡,待审核,组合组成项,蔬菜菜肴,叶菜,炒花椒叶以花椒叶为主料，属叶菜蔬菜菜肴。
凉拌花椒叶,加餐,150,一份约150g,凉拌,清淡,待审核,组合组成项,蔬菜菜肴,叶菜,凉拌花椒叶以花椒叶为主料，属叶菜蔬菜。
炒枸杞头,晚餐,200,一份约200g,炒制,清淡,待审核,组合组成项,蔬菜菜肴,叶菜,炒枸杞头以枸杞嫩芽为主料，属叶菜蔬菜菜肴。
凉拌枸杞头,加餐,150,一份约150g,凉拌,清淡,待审核,组合组成项,蔬菜菜肴,叶菜,凉拌枸杞头以枸杞嫩芽为主料，属叶菜蔬菜。
炒马兰头,晚餐,200,一份约200g,炒制,清淡,待审核,组合组成项,蔬菜菜肴,叶菜,炒马兰头以马兰头为主料，属叶菜蔬菜菜肴。
凉拌马兰头香干,加餐,150,一份约150g,凉拌,咸鲜,待审核,组合组成项,蔬菜菜肴,叶菜|大豆及豆制品,凉拌马兰头香干以马兰头与香干为主料。
炒荠菜,晚餐,200,一份约200g,炒制,清淡,待审核,组合组成项,蔬菜菜肴,叶菜,炒荠菜以荠菜为主料，属叶菜蔬菜菜肴。
荠菜豆腐羹,晚餐,250,一碗约250g,煮制,咸鲜,待审核,组合组成项,汤羹,叶菜|大豆及豆制品,荠菜豆腐羹以荠菜与豆腐煮羹，属蔬菜汤羹。
